label,file,source,src_path,segment,native_sr,spec_path,wav_path,offset_s
Hammer,Anthropogenic_Hammer_27.4.b_48000_16_6_253_seg000,Anthropogenic_Hammer_27.4.b_48000_16_6_253.wav,/data2/mromaniuc/cet-det/datasets/ECOSS/enhanced4AI_sounds/Hammer/Anthropogenic_Hammer_27.4.b_48000_16_6_253.wav,0,48000,/data2/mromaniuc/cet-det/datasets/ECOSS/enhanced4AI_sounds/spectrograms/Hammer/Anthropogenic_Hammer_27.4.b_48000_16_6_253_seg000.png,/data2/mromaniuc/cet-det/datasets/ECOSS/enhanced4AI_sounds/Hammer/Anthropogenic_Hammer_27.4.b_48000_16_6_253.wav,0.0
Hammer,Anthropogenic_Hammer_27.4.b_48000_16_6_254_seg000,Anthropogenic_Hammer_27.4.b_48000_16_6_254.wav,/data2/mromaniuc/cet-det/datasets/ECOSS/enhanced4AI_sounds/Hammer/Anthropogenic_Hammer_27.4.b_48000_16_6_254.wav,0,48000,/data2/mromaniuc/cet-det/datasets/ECOSS/enhanced4AI_sounds/spectrograms/Hammer/Anthropogenic_Hammer_27.4.b_48000_16_6_254_seg000.png,/data2/mromaniuc/cet-det/datasets/ECOSS/enhanced4AI_sounds/Hammer/Anthropogenic_Hammer_27.4.b_48000_16_6_254.wav,0.0
Hammer,Anthropogenic_Hammer_27.4.b_48000_16_6_255_seg000,Anthropogenic_Hammer_27.4.b_48000_16_6_255.wav,/data2/mromaniuc/cet-det/datasets/ECOSS/enhanced4AI_sounds/Hammer/Anthropogenic_Hammer_27.4.b_48000_16_6_255.wav,0,48000,/data2/mromaniuc/cet-det/datasets/ECOSS/enhanced4AI_sounds/spectrograms/Hammer/Anthropogenic_Hammer_27.4.b_48000_16_6_255_seg000.png,/data2/mromaniuc/cet-det/datasets/ECOSS/enhanced4AI_sounds/Hammer/Anthropogenic_Hammer_27.4.b_48000_16_6_255.wav,0.0
Hammer,Anthropogenic_Hammer_27.4.b_48000_16_6_256_seg000,Anthropogenic_Hammer_27.4.b_48000_16_6_256.wav,/data2/mromaniuc/cet-det/datasets/ECOSS/enhanced4AI_sounds/Hammer/Anthropogenic_Hammer_27.4.b_48000_16_6_256.wav,0,48000,/data2/mromaniuc/cet-det/datasets/ECOSS/enhanced4AI_sounds/spectrograms/Hammer/Anthropogenic_Hammer_27.4.b_48000_16_6_256_seg000.png,/data2/mromaniuc/cet-det/datasets/ECOSS/enhanced4AI_sounds/Hammer/Anthropogenic_Hammer_27.4.b_48000_16_6_256.wav,0.0
Hammer,Anthropogenic_Hammer_nan_1000_16_6_232_seg000,Anthropogenic_Hammer_nan_1000_16_6_232.wav,/data2/mromaniuc/cet-det/datasets/ECOSS/enhanced4AI_sounds/Hammer/Anthropogenic_Hammer_nan_1000_16_6_232.wav,0,1000,/data2/mromaniuc/cet-det/datasets/ECOSS/enhanced4AI_sounds/spectrograms/Hammer/Anthropogenic_Hammer_nan_1000_16_6_232_seg000.png,/data2/mromaniuc/cet-det/datasets/ECOSS/enhanced4AI_sounds/Hammer/Anthropogenic_Hammer_nan_1000_16_6_232.wav,0.0
Hammer,Anthropogenic_Hammer_nan_1000_16_6_233_seg000,Anthropogenic_Hammer_nan_1000_16_6_233.wav,/data2/mromaniuc/cet-det/datasets/ECOSS/enhanced4AI_sounds/Hammer/Anthropogenic_Hammer_nan_1000_16_6_233.wav,0,1000,/data2/mromaniuc/cet-det/datasets/ECOSS/enhanced4AI_sounds/spectrograms/Hammer/Anthropogenic_Hammer_nan_1000_16_6_233_seg000.png,/data2/mromaniuc/cet-det/datasets/ECOSS/enhanced4AI_sounds/Hammer/Anthropogenic_Hammer_nan_1000_16_6_233.wav,0.0
Hammer,Anthropogenic_Hammer_nan_1000_16_6_234_seg000,Anthropogenic_Hammer_nan_1000_16_6_234.wav,/data2/mromaniuc/cet-det/datasets/ECOSS/enhanced4AI_sounds/Hammer/Anthropogenic_Hammer_nan_1000_16_6_234.wav,0,1000,/data2/mromaniuc/cet-det/datasets/ECOSS/enhanced4AI_sounds/spectrograms/Hammer/Anthropogenic_Hammer_nan_1000_16_6_234_seg000.png,/data2/mromaniuc/cet-det/datasets/ECOSS/enhanced4AI_sounds/Hammer/Anthropogenic_Hammer_nan_1000_16_6_234.wav,0.0
Hammer,Anthropogenic_Hammer_nan_1000_16_6_235_seg000,Anthropogenic_Hammer_nan_1000_16_6_235.wav,/data2/mromaniuc/cet-det/datasets/ECOSS/enhanced4AI_sounds/Hammer/Anthropogenic_Hammer_nan_1000_16_6_235.wav,0,1000,/data2/mromaniuc/cet-det/datasets/ECOSS/enhanced4AI_sounds/spectrograms/Hammer/Anthropogenic_Hammer_nan_1000_16_6_235_seg000.png,/data2/mromaniuc/cet-det/datasets/ECOSS/enhanced4AI_sounds/Hammer/Anthropogenic_Hammer_nan_1000_16_6_235.wav,0.0
Hammer,Anthropogenic_Hammer_nan_1000_16_6_236_seg000,Anthropogenic_Hammer_nan_1000_16_6_236.wav,/data2/mromaniuc/cet-det/datasets/ECOSS/enhanced4AI_sounds/Hammer/Anthropogenic_Hammer_nan_1000_16_6_236.wav,0,1000,/data2/mromaniuc/cet-det/datasets/ECOSS/enhanced4AI_sounds/spectrograms/Hammer/Anthropogenic_Hammer_nan_1000_16_6_236_seg000.png,/data2/mromaniuc/cet-det/datasets/ECOSS/enhanced4AI_sounds/Hammer/Anthropogenic_Hammer_nan_1000_16_6_236.wav,0.0
Hammer,Anthropogenic_Hammer_nan_1000_16_6_237_seg000,Anthropogenic_Hammer_nan_1000_16_6_237.wav,/data2/mromaniuc/cet-det/datasets/ECOSS/enhanced4AI_sounds/Hammer/Anthropogenic_Hammer_nan_1000_16_6_237.wav,0,1000,/data2/mromaniuc/cet-det/datasets/ECOSS/enhanced4AI_sounds/spectrograms/Hammer/Anthropogenic_Hammer_nan_1000_16_6_237_seg000.png,/data2/mromaniuc/cet-det/datasets/ECOSS/enhanced4AI_sounds/Hammer/Anthropogenic_Hammer_nan_1000_16_6_237.wav,0.0
Hammer,Anthropogenic_Hammer_nan_1000_16_6_238_seg000,Anthropogenic_Hammer_nan_1000_16_6_238.wav,/data2/mromaniuc/cet-det/datasets/ECOSS/enhanced4AI_sounds/Hammer/Anthropogenic_Hammer_nan_1000_16_6_238.wav,0,1000,/data2/mromaniuc/cet-det/datasets/ECOSS/enhanced4AI_sounds/spectrograms/Hammer/Anthropogenic_Hammer_nan_1000_16_6_238_seg000.png,/data2/mromaniuc/cet-det/datasets/ECOSS/enhanced4AI_sounds/Hammer/Anthropogenic_Hammer_nan_1000_16_6_238.wav,0.0
Hammer,Anthropogenic_Hammer_nan_1000_16_6_239_seg000,Anthropogenic_Hammer_nan_1000_16_6_239.wav,/data2/mromaniuc/cet-det/datasets/ECOSS/enhanced4AI_sounds/Hammer/Anthropogenic_Hammer_nan_1000_16_6_239.wav,0,1000,/data2/mromaniuc/cet-det/datasets/ECOSS/enhanced4AI_sounds/spectrograms/Hammer/Anthropogenic_Hammer_nan_1000_16_6_239_seg000.png,/data2/mromaniuc/cet-det/datasets/ECOSS/enhanced4AI_sounds/Hammer/Anthropogenic_Hammer_nan_1000_16_6_239.wav,0.0
Hammer,Anthropogenic_Hammer_nan_1000_16_6_240_seg000,Anthropogenic_Hammer_nan_1000_16_6_240.wav,/data2/mromaniuc/cet-det/datasets/ECOSS/enhanced4AI_sounds/Hammer/Anthropogenic_Hammer_nan_1000_16_6_240.wav,0,1000,/data2/mromaniuc/cet-det/datasets/ECOSS/enhanced4AI_sounds/spectrograms/Hammer/Anthropogenic_Hammer_nan_1000_16_6_240_seg000.png,/data2/mromaniuc/cet-det/datasets/ECOSS/enhanced4AI_sounds/Hammer/Anthropogenic_Hammer_nan_1000_16_6_240.wav,0.0
Hammer,Anthropogenic_Hammer_nan_1000_16_6_241_seg000,Anthropogenic_Hammer_nan_1000_16_6_241.wav,/data2/mromaniuc/cet-det/datasets/ECOSS/enhanced4AI_sounds/Hammer/Anthropogenic_Hammer_nan_1000_16_6_241.wav,0,1000,/data2/mromaniuc/cet-det/datasets/ECOSS/enhanced4AI_sounds/spectrograms/Hammer/Anthropogenic_Hammer_nan_1000_16_6_241_seg000.png,/data2/mromaniuc/cet-det/datasets/ECOSS/enhanced4AI_sounds/Hammer/Anthropogenic_Hammer_nan_1000_16_6_241.wav,0.0
Hammer,Anthropogenic_Hammer_nan_1000_16_6_242_seg000,Anthropogenic_Hammer_nan_1000_16_6_242.wav,/data2/mromaniuc/cet-det/datasets/ECOSS/enhanced4AI_sounds/Hammer/Anthropogenic_Hammer_nan_1000_16_6_242.wav,0,1000,/data2/mromaniuc/cet-det/datasets/ECOSS/enhanced4AI_sounds/spectrograms/Hammer/Anthropogenic_Hammer_nan_1000_16_6_242_seg000.png,/data2/mromaniuc/cet-det/datasets/ECOSS/enhanced4AI_sounds/Hammer/Anthropogenic_Hammer_nan_1000_16_6_242.wav,0.0
Hammer,Anthropogenic_Hammer_nan_1000_16_6_243_seg000,Anthropogenic_Hammer_nan_1000_16_6_243.wav,/data2/mromaniuc/cet-det/datasets/ECOSS/enhanced4AI_sounds/Hammer/Anthropogenic_Hammer_nan_1000_16_6_243.wav,0,1000,/data2/mromaniuc/cet-det/datasets/ECOSS/enhanced4AI_sounds/spectrograms/Hammer/Anthropogenic_Hammer_nan_1000_16_6_243_seg000.png,/data2/mromaniuc/cet-det/datasets/ECOSS/enhanced4AI_sounds/Hammer/Anthropogenic_Hammer_nan_1000_16_6_243.wav,0.0
Hammer,Anthropogenic_Hammer_nan_1000_16_6_244_seg000,Anthropogenic_Hammer_nan_1000_16_6_244.wav,/data2/mromaniuc/cet-det/datasets/ECOSS/enhanced4AI_sounds/Hammer/Anthropogenic_Hammer_nan_1000_16_6_244.wav,0,1000,/data2/mromaniuc/cet-det/datasets/ECOSS/enhanced4AI_sounds/spectrograms/Hammer/Anthropogenic_Hammer_nan_1000_16_6_244_seg000.png,/data2/mromaniuc/cet-det/datasets/ECOSS/enhanced4AI_sounds/Hammer/Anthropogenic_Hammer_nan_1000_16_6_244.wav,0.0
Hammer,Anthropogenic_Hammer_nan_1000_16_6_245_seg000,Anthropogenic_Hammer_nan_1000_16_6_245.wav,/data2/mromaniuc/cet-det/datasets/ECOSS/enhanced4AI_sounds/Hammer/Anthropogenic_Hammer_nan_1000_16_6_245.wav,0,1000,/data2/mromaniuc/cet-det/datasets/ECOSS/enhanced4AI_sounds/spectrograms/Hammer/Anthropogenic_Hammer_nan_1000_16_6_245_seg000.png,/data2/mromaniuc/cet-det/datasets/ECOSS/enhanced4AI_sounds/Hammer/Anthropogenic_Hammer_nan_1000_16_6_245.wav,0.0
Hammer,Anthropogenic_Hammer_nan_1000_16_6_246_seg000,Anthropogenic_Hammer_nan_1000_16_6_246.wav,/data2/mromaniuc/cet-det/datasets/ECOSS/enhanced4AI_sounds/Hammer/Anthropogenic_Hammer_nan_1000_16_6_246.wav,0,1000,/data2/mromaniuc/cet-det/datasets/ECOSS/enhanced4AI_sounds/spectrograms/Hammer/Anthropogenic_Hammer_nan_1000_16_6_246_seg000.png,/data2/mromaniuc/cet-det/datasets/ECOSS/enhanced4AI_sounds/Hammer/Anthropogenic_Hammer_nan_1000_16_6_246.wav,0.0
Hammer,Anthropogenic_Hammer_nan_1000_16_6_247_seg000,Anthropogenic_Hammer_nan_1000_16_6_247.wav,/data2/mromaniuc/cet-det/datasets/ECOSS/enhanced4AI_sounds/Hammer/Anthropogenic_Hammer_nan_1000_16_6_247.wav,0,1000,/data2/mromaniuc/cet-det/datasets/ECOSS/enhanced4AI_sounds/spectrograms/Hammer/Anthropogenic_Hammer_nan_1000_16_6_247_seg000.png,/data2/mromaniuc/cet-det/datasets/ECOSS/enhanced4AI_sounds/Hammer/Anthropogenic_Hammer_nan_1000_16_6_247.wav,0.0
Hammer,Anthropogenic_Hammer_nan_1000_16_6_248_seg000,Anthropogenic_Hammer_nan_1000_16_6_248.wav,/data2/mromaniuc/cet-det/datasets/ECOSS/enhanced4AI_sounds/Hammer/Anthropogenic_Hammer_nan_1000_16_6_248.wav,0,1000,/data2/mromaniuc/cet-det/datasets/ECOSS/enhanced4AI_sounds/spectrograms/Hammer/Anthropogenic_Hammer_nan_1000_16_6_248_seg000.png,/data2/mromaniuc/cet-det/datasets/ECOSS/enhanced4AI_sounds/Hammer/Anthropogenic_Hammer_nan_1000_16_6_248.wav,0.0
Hammer,Anthropogenic_Hammer_nan_1000_16_6_249_seg000,Anthropogenic_Hammer_nan_1000_16_6_249.wav,/data2/mromaniuc/cet-det/datasets/ECOSS/enhanced4AI_sounds/Hammer/Anthropogenic_Hammer_nan_1000_16_6_249.wav,0,1000,/data2/mromaniuc/cet-det/datasets/ECOSS/enhanced4AI_sounds/spectrograms/Hammer/Anthropogenic_Hammer_nan_1000_16_6_249_seg000.png,/data2/mromaniuc/cet-det/datasets/ECOSS/enhanced4AI_sounds/Hammer/Anthropogenic_Hammer_nan_1000_16_6_249.wav,0.0
Hammer,Anthropogenic_Hammer_nan_1000_16_6_250_seg000,Anthropogenic_Hammer_nan_1000_16_6_250.wav,/data2/mromaniuc/cet-det/datasets/ECOSS/enhanced4AI_sounds/Hammer/Anthropogenic_Hammer_nan_1000_16_6_250.wav,0,1000,/data2/mromaniuc/cet-det/datasets/ECOSS/enhanced4AI_sounds/spectrograms/Hammer/Anthropogenic_Hammer_nan_1000_16_6_250_seg000.png,/data2/mromaniuc/cet-det/datasets/ECOSS/enhanced4AI_sounds/Hammer/Anthropogenic_Hammer_nan_1000_16_6_250.wav,0.0
Hammer,Anthropogenic_Hammer_nan_1000_16_6_251_seg000,Anthropogenic_Hammer_nan_1000_16_6_251.wav,/data2/mromaniuc/cet-det/datasets/ECOSS/enhanced4AI_sounds/Hammer/Anthropogenic_Hammer_nan_1000_16_6_251.wav,0,1000,/data2/mromaniuc/cet-det/datasets/ECOSS/enhanced4AI_sounds/spectrograms/Hammer/Anthropogenic_Hammer_nan_1000_16_6_251_seg000.png,/data2/mromaniuc/cet-det/datasets/ECOSS/enhanced4AI_sounds/Hammer/Anthropogenic_Hammer_nan_1000_16_6_251.wav,0.0
Hammer,Anthropogenic_Hammer_nan_1000_16_6_252_seg000,Anthropogenic_Hammer_nan_1000_16_6_252.wav,/data2/mromaniuc/cet-det/datasets/ECOSS/enhanced4AI_sounds/Hammer/Anthropogenic_Hammer_nan_1000_16_6_252.wav,0,1000,/data2/mromaniuc/cet-det/datasets/ECOSS/enhanced4AI_sounds/spectrograms/Hammer/Anthropogenic_Hammer_nan_1000_16_6_252_seg000.png,/data2/mromaniuc/cet-det/datasets/ECOSS/enhanced4AI_sounds/Hammer/Anthropogenic_Hammer_nan_1000_16_6_252.wav,0.0
Odontocetes_Delphinids,Biological_Delphinids_37.1.3_22254_16_15_106_seg000,Biological_Delphinids_37.1.3_22254_16_15_106.wav,/data2/mromaniuc/cet-det/datasets/ECOSS/enhanced4AI_sounds/Odontocetes_Delphinids/Biological_Delphinids_37.1.3_22254_16_15_106.wav,0,22254,/data2/mromaniuc/cet-det/datasets/ECOSS/enhanced4AI_sounds/spectrograms/Odontocetes_Delphinids/Biological_Delphinids_37.1.3_22254_16_15_106_seg000.png,/data2/mromaniuc/cet-det/datasets/ECOSS/enhanced4AI_sounds/Odontocetes_Delphinids/Biological_Delphinids_37.1.3_22254_16_15_106.wav,0.0
Odontocetes_Delphinids,Biological_Delphinids_37.1.3_22254_16_15_106_seg001,Biological_Delphinids_37.1.3_22254_16_15_106.wav,/data2/mromaniuc/cet-det/datasets/ECOSS/enhanced4AI_sounds/Odontocetes_Delphinids/Biological_Delphinids_37.1.3_22254_16_15_106.wav,1,22254,/data2/mromaniuc/cet-det/datasets/ECOSS/enhanced4AI_sounds/spectrograms/Odontocetes_Delphinids/Biological_Delphinids_37.1.3_22254_16_15_106_seg001.png,/data2/mromaniuc/cet-det/datasets/ECOSS/enhanced4AI_sounds/Odontocetes_Delphinids/Biological_Delphinids_37.1.3_22254_16_15_106.wav,5.0
Odontocetes_Delphinids,Biological_Delphinids_37.1.3_22254_16_15_107_seg000,Biological_Delphinids_37.1.3_22254_16_15_107.wav,/data2/mromaniuc/cet-det/datasets/ECOSS/enhanced4AI_sounds/Odontocetes_Delphinids/Biological_Delphinids_37.1.3_22254_16_15_107.wav,0,22254,/data2/mromaniuc/cet-det/datasets/ECOSS/enhanced4AI_sounds/spectrograms/Odontocetes_Delphinids/Biological_Delphinids_37.1.3_22254_16_15_107_seg000.png,/data2/mromaniuc/cet-det/datasets/ECOSS/enhanced4AI_sounds/Odontocetes_Delphinids/Biological_Delphinids_37.1.3_22254_16_15_107.wav,0.0
Odontocetes_Delphinids,Biological_Delphinids_37.1.3_22254_16_15_107_seg001,Biological_Delphinids_37.1.3_22254_16_15_107.wav,/data2/mromaniuc/cet-det/datasets/ECOSS/enhanced4AI_sounds/Odontocetes_Delphinids/Biological_Delphinids_37.1.3_22254_16_15_107.wav,1,22254,/data2/mromaniuc/cet-det/datasets/ECOSS/enhanced4AI_sounds/spectrograms/Odontocetes_Delphinids/Biological_Delphinids_37.1.3_22254_16_15_107_seg001.png,/data2/mromaniuc/cet-det/datasets/ECOSS/enhanced4AI_sounds/Odontocetes_Delphinids/Biological_Delphinids_37.1.3_22254_16_15_107.wav,5.0
Odontocetes_Delphinids,Biological_Delphinids_37.1.3_22254_16_15_108_seg000,Biological_Delphinids_37.1.3_22254_16_15_108.wav,/data2/mromaniuc/cet-det/datasets/ECOSS/enhanced4AI_sounds/Odontocetes_Delphinids/Biological_Delphinids_37.1.3_22254_16_15_108.wav,0,22254,/data2/mromaniuc/cet-det/datasets/ECOSS/enhanced4AI_sounds/spectrograms/Odontocetes_Delphinids/Biological_Delphinids_37.1.3_22254_16_15_108_seg000.png,/data2/mromaniuc/cet-det/datasets/ECOSS/enhanced4AI_sounds/Odontocetes_Delphinids/Biological_Delphinids_37.1.3_22254_16_15_108.wav,0.0
Odontocetes_Delphinids,Biological_Delphinids_37.1.3_22254_16_15_108_seg001,Biological_Delphinids_37.1.3_22254_16_15_108.wav,/data2/mromaniuc/cet-det/datasets/ECOSS/enhanced4AI_sounds/Odontocetes_Delphinids/Biological_Delphinids_37.1.3_22254_16_15_108.wav,1,22254,/data2/mromaniuc/cet-det/datasets/ECOSS/enhanced4AI_sounds/spectrograms/Odontocetes_Delphinids/Biological_Delphinids_37.1.3_22254_16_15_108_seg001.png,/data2/mromaniuc/cet-det/datasets/ECOSS/enhanced4AI_sounds/Odontocetes_Delphinids/Biological_Delphinids_37.1.3_22254_16_15_108.wav,5.0
Odontocetes_Delphinids,Biological_Delphinids_37.1.3_22254_16_15_109_seg000,Biological_Delphinids_37.1.3_22254_16_15_109.wav,/data2/mromaniuc/cet-det/datasets/ECOSS/enhanced4AI_sounds/Odontocetes_Delphinids/Biological_Delphinids_37.1.3_22254_16_15_109.wav,0,22254,/data2/mromaniuc/cet-det/datasets/ECOSS/enhanced4AI_sounds/spectrograms/Odontocetes_Delphinids/Biological_Delphinids_37.1.3_22254_16_15_109_seg000.png,/data2/mromaniuc/cet-det/datasets/ECOSS/enhanced4AI_sounds/Odontocetes_Delphinids/Biological_Delphinids_37.1.3_22254_16_15_109.wav,0.0
Odontocetes_Delphinids,Biological_Delphinids_37.1.3_22254_16_15_109_seg001,Biological_Delphinids_37.1.3_22254_16_15_109.wav,/data2/mromaniuc/cet-det/datasets/ECOSS/enhanced4AI_sounds/Odontocetes_Delphinids/Biological_Delphinids_37.1.3_22254_16_15_109.wav,1,22254,/data2/mromaniuc/cet-det/datasets/ECOSS/enhanced4AI_sounds/spectrograms/Odontocetes_Delphinids/Biological_Delphinids_37.1.3_22254_16_15_109_seg001.png,/data2/mromaniuc/cet-det/datasets/ECOSS/enhanced4AI_sounds/Odontocetes_Delphinids/Biological_Delphinids_37.1.3_22254_16_15_109.wav,5.0
Odontocetes_Delphinids,Biological_Delphinids_37.2.2_300000_16_15_67_seg000,Biological_Delphinids_37.2.2_300000_16_15_67.wav,/data2/mromaniuc/cet-det/datasets/ECOSS/enhanced4AI_sounds/Odontocetes_Delphinids/Biological_Delphinids_37.2.2_300000_16_15_67.wav,0,300000,/data2/mromaniuc/cet-det/datasets/ECOSS/enhanced4AI_sounds/spectrograms/Odontocetes_Delphinids/Biological_Delphinids_37.2.2_300000_16_15_67_seg000.png,/data2/mromaniuc/cet-det/datasets/ECOSS/enhanced4AI_sounds/Odontocetes_Delphinids/Biological_Delphinids_37.2.2_300000_16_15_67.wav,0.0
Odontocetes_Delphinids,Biological_Delphinids_37.2.2_300000_16_15_67_seg001,Biological_Delphinids_37.2.2_300000_16_15_67.wav,/data2/mromaniuc/cet-det/datasets/ECOSS/enhanced4AI_sounds/Odontocetes_Delphinids/Biological_Delphinids_37.2.2_300000_16_15_67.wav,1,300000,/data2/mromaniuc/cet-det/datasets/ECOSS/enhanced4AI_sounds/spectrograms/Odontocetes_Delphinids/Biological_Delphinids_37.2.2_300000_16_15_67_seg001.png,/data2/mromaniuc/cet-det/datasets/ECOSS/enhanced4AI_sounds/Odontocetes_Delphinids/Biological_Delphinids_37.2.2_300000_16_15_67.wav,5.0
Odontocetes_Delphinids,Biological_Delphinids_37.2.2_300000_16_15_68_seg000,Biological_Delphinids_37.2.2_300000_16_15_68.wav,/data2/mromaniuc/cet-det/datasets/ECOSS/enhanced4AI_sounds/Odontocetes_Delphinids/Biological_Delphinids_37.2.2_300000_16_15_68.wav,0,300000,/data2/mromaniuc/cet-det/datasets/ECOSS/enhanced4AI_sounds/spectrograms/Odontocetes_Delphinids/Biological_Delphinids_37.2.2_300000_16_15_68_seg000.png,/data2/mromaniuc/cet-det/datasets/ECOSS/enhanced4AI_sounds/Odontocetes_Delphinids/Biological_Delphinids_37.2.2_300000_16_15_68.wav,0.0
Odontocetes_Delphinids,Biological_Delphinids_37.2.2_300000_16_15_68_seg001,Biological_Delphinids_37.2.2_300000_16_15_68.wav,/data2/mromaniuc/cet-det/datasets/ECOSS/enhanced4AI_sounds/Odontocetes_Delphinids/Biological_Delphinids_37.2.2_300000_16_15_68.wav,1,300000,/data2/mromaniuc/cet-det/datasets/ECOSS/enhanced4AI_sounds/spectrograms/Odontocetes_Delphinids/Biological_Delphinids_37.2.2_300000_16_15_68_seg001.png,/data2/mromaniuc/cet-det/datasets/ECOSS/enhanced4AI_sounds/Odontocetes_Delphinids/Biological_Delphinids_37.2.2_300000_16_15_68.wav,5.0
Odontocetes_Delphinids,Biological_Delphinids_37.2.2_300000_16_15_69_seg000,Biological_Delphinids_37.2.2_300000_16_15_69.wav,/data2/mromaniuc/cet-det/datasets/ECOSS/enhanced4AI_sounds/Odontocetes_Delphinids/Biological_Delphinids_37.2.2_300000_16_15_69.wav,0,300000,/data2/mromaniuc/cet-det/datasets/ECOSS/enhanced4AI_sounds/spectrograms/Odontocetes_Delphinids/Biological_Delphinids_37.2.2_300000_16_15_69_seg000.png,/data2/mromaniuc/cet-det/datasets/ECOSS/enhanced4AI_sounds/Odontocetes_Delphinids/Biological_Delphinids_37.2.2_300000_16_15_69.wav,0.0
Odontocetes_Delphinids,Biological_Delphinids_37.2.2_300000_16_15_69_seg001,Biological_Delphinids_37.2.2_300000_16_15_69.wav,/data2/mromaniuc/cet-det/datasets/ECOSS/enhanced4AI_sounds/Odontocetes_Delphinids/Biological_Delphinids_37.2.2_300000_16_15_69.wav,1,300000,/data2/mromaniuc/cet-det/datasets/ECOSS/enhanced4AI_sounds/spectrograms/Odontocetes_Delphinids/Biological_Delphinids_37.2.2_300000_16_15_69_seg001.png,/data2/mromaniuc/cet-det/datasets/ECOSS/enhanced4AI_sounds/Odontocetes_Delphinids/Biological_Delphinids_37.2.2_300000_16_15_69.wav,5.0
Odontocetes_Delphinids,Biological_Delphinids_37.2.2_300000_16_15_70_seg000,Biological_Delphinids_37.2.2_300000_16_15_70.wav,/data2/mromaniuc/cet-det/datasets/ECOSS/enhanced4AI_sounds/Odontocetes_Delphinids/Biological_Delphinids_37.2.2_300000_16_15_70.wav,0,300000,/data2/mromaniuc/cet-det/datasets/ECOSS/enhanced4AI_sounds/spectrograms/Odontocetes_Delphinids/Biological_Delphinids_37.2.2_300000_16_15_70_seg000.png,/data2/mromaniuc/cet-det/datasets/ECOSS/enhanced4AI_sounds/Odontocetes_Delphinids/Biological_Delphinids_37.2.2_300000_16_15_70.wav,0.0
Odontocetes_Delphinids,Biological_Delphinids_37.2.2_300000_16_15_70_seg001,Biological_Delphinids_37.2.2_300000_16_15_70.wav,/data2/mromaniuc/cet-det/datasets/ECOSS/enhanced4AI_sounds/Odontocetes_Delphinids/Biological_Delphinids_37.2.2_300000_16_15_70.wav,1,300000,/data2/mromaniuc/cet-det/datasets/ECOSS/enhanced4AI_sounds/spectrograms/Odontocetes_Delphinids/Biological_Delphinids_37.2.2_300000_16_15_70_seg001.png,/data2/mromaniuc/cet-det/datasets/ECOSS/enhanced4AI_sounds/Odontocetes_Delphinids/Biological_Delphinids_37.2.2_300000_16_15_70.wav,5.0
Odontocetes_Delphinids,Biological_Delphinids_37.2.2_300000_16_6_45_seg000,Biological_Delphinids_37.2.2_300000_16_6_45.wav,/data2/mromaniuc/cet-det/datasets/ECOSS/enhanced4AI_sounds/Odontocetes_Delphinids/Biological_Delphinids_37.2.2_300000_16_6_45.wav,0,300000,/data2/mromaniuc/cet-det/datasets/ECOSS/enhanced4AI_sounds/spectrograms/Odontocetes_Delphinids/Biological_Delphinids_37.2.2_300000_16_6_45_seg000.png,/data2/mromaniuc/cet-det/datasets/ECOSS/enhanced4AI_sounds/Odontocetes_Delphinids/Biological_Delphinids_37.2.2_300000_16_6_45.wav,0.0
Odontocetes_Delphinids,Biological_Delphinids_37.2.2_44100_16_15_71_seg000,Biological_Delphinids_37.2.2_44100_16_15_71.wav,/data2/mromaniuc/cet-det/datasets/ECOSS/enhanced4AI_sounds/Odontocetes_Delphinids/Biological_Delphinids_37.2.2_44100_16_15_71.wav,0,44100,/data2/mromaniuc/cet-det/datasets/ECOSS/enhanced4AI_sounds/spectrograms/Odontocetes_Delphinids/Biological_Delphinids_37.2.2_44100_16_15_71_seg000.png,/data2/mromaniuc/cet-det/datasets/ECOSS/enhanced4AI_sounds/Odontocetes_Delphinids/Biological_Delphinids_37.2.2_44100_16_15_71.wav,0.0
Odontocetes_Delphinids,Biological_Delphinids_37.2.2_44100_16_15_71_seg001,Biological_Delphinids_37.2.2_44100_16_15_71.wav,/data2/mromaniuc/cet-det/datasets/ECOSS/enhanced4AI_sounds/Odontocetes_Delphinids/Biological_Delphinids_37.2.2_44100_16_15_71.wav,1,44100,/data2/mromaniuc/cet-det/datasets/ECOSS/enhanced4AI_sounds/spectrograms/Odontocetes_Delphinids/Biological_Delphinids_37.2.2_44100_16_15_71_seg001.png,/data2/mromaniuc/cet-det/datasets/ECOSS/enhanced4AI_sounds/Odontocetes_Delphinids/Biological_Delphinids_37.2.2_44100_16_15_71.wav,5.0
Odontocetes_Delphinids,Biological_Delphinids_37.2.2_44100_16_15_72_seg000,Biological_Delphinids_37.2.2_44100_16_15_72.wav,/data2/mromaniuc/cet-det/datasets/ECOSS/enhanced4AI_sounds/Odontocetes_Delphinids/Biological_Delphinids_37.2.2_44100_16_15_72.wav,0,44100,/data2/mromaniuc/cet-det/datasets/ECOSS/enhanced4AI_sounds/spectrograms/Odontocetes_Delphinids/Biological_Delphinids_37.2.2_44100_16_15_72_seg000.png,/data2/mromaniuc/cet-det/datasets/ECOSS/enhanced4AI_sounds/Odontocetes_Delphinids/Biological_Delphinids_37.2.2_44100_16_15_72.wav,0.0
Odontocetes_Delphinids,Biological_Delphinids_37.2.2_44100_16_15_72_seg001,Biological_Delphinids_37.2.2_44100_16_15_72.wav,/data2/mromaniuc/cet-det/datasets/ECOSS/enhanced4AI_sounds/Odontocetes_Delphinids/Biological_Delphinids_37.2.2_44100_16_15_72.wav,1,44100,/data2/mromaniuc/cet-det/datasets/ECOSS/enhanced4AI_sounds/spectrograms/Odontocetes_Delphinids/Biological_Delphinids_37.2.2_44100_16_15_72_seg001.png,/data2/mromaniuc/cet-det/datasets/ECOSS/enhanced4AI_sounds/Odontocetes_Delphinids/Biological_Delphinids_37.2.2_44100_16_15_72.wav,5.0
Odontocetes_Delphinids,Biological_Delphinids_37.2.2_44100_16_6_46_seg000,Biological_Delphinids_37.2.2_44100_16_6_46.wav,/data2/mromaniuc/cet-det/datasets/ECOSS/enhanced4AI_sounds/Odontocetes_Delphinids/Biological_Delphinids_37.2.2_44100_16_6_46.wav,0,44100,/data2/mromaniuc/cet-det/datasets/ECOSS/enhanced4AI_sounds/spectrograms/Odontocetes_Delphinids/Biological_Delphinids_37.2.2_44100_16_6_46_seg000.png,/data2/mromaniuc/cet-det/datasets/ECOSS/enhanced4AI_sounds/Odontocetes_Delphinids/Biological_Delphinids_37.2.2_44100_16_6_46.wav,0.0
Odontocetes_Delphinids,Biological_Delphinids_37.2.2_44100_16_6_47_seg000,Biological_Delphinids_37.2.2_44100_16_6_47.wav,/data2/mromaniuc/cet-det/datasets/ECOSS/enhanced4AI_sounds/Odontocetes_Delphinids/Biological_Delphinids_37.2.2_44100_16_6_47.wav,0,44100,/data2/mromaniuc/cet-det/datasets/ECOSS/enhanced4AI_sounds/spectrograms/Odontocetes_Delphinids/Biological_Delphinids_37.2.2_44100_16_6_47_seg000.png,/data2/mromaniuc/cet-det/datasets/ECOSS/enhanced4AI_sounds/Odontocetes_Delphinids/Biological_Delphinids_37.2.2_44100_16_6_47.wav,0.0
Odontocetes_Delphinids,Biological_Delphinids_37.2.2_44100_16_6_48_seg000,Biological_Delphinids_37.2.2_44100_16_6_48.wav,/data2/mromaniuc/cet-det/datasets/ECOSS/enhanced4AI_sounds/Odontocetes_Delphinids/Biological_Delphinids_37.2.2_44100_16_6_48.wav,0,44100,/data2/mromaniuc/cet-det/datasets/ECOSS/enhanced4AI_sounds/spectrograms/Odontocetes_Delphinids/Biological_Delphinids_37.2.2_44100_16_6_48_seg000.png,/data2/mromaniuc/cet-det/datasets/ECOSS/enhanced4AI_sounds/Odontocetes_Delphinids/Biological_Delphinids_37.2.2_44100_16_6_48.wav,0.0
Odontocetes_Delphinids,Biological_Delphinids_37.2.2_44100_16_6_49_seg000,Biological_Delphinids_37.2.2_44100_16_6_49.wav,/data2/mromaniuc/cet-det/datasets/ECOSS/enhanced4AI_sounds/Odontocetes_Delphinids/Biological_Delphinids_37.2.2_44100_16_6_49.wav,0,44100,/data2/mromaniuc/cet-det/datasets/ECOSS/enhanced4AI_sounds/spectrograms/Odontocetes_Delphinids/Biological_Delphinids_37.2.2_44100_16_6_49_seg000.png,/data2/mromaniuc/cet-det/datasets/ECOSS/enhanced4AI_sounds/Odontocetes_Delphinids/Biological_Delphinids_37.2.2_44100_16_6_49.wav,0.0
Odontocetes_Delphinids,Biological_Delphinids_37.2.2_44100_16_6_50_seg000,Biological_Delphinids_37.2.2_44100_16_6_50.wav,/data2/mromaniuc/cet-det/datasets/ECOSS/enhanced4AI_sounds/Odontocetes_Delphinids/Biological_Delphinids_37.2.2_44100_16_6_50.wav,0,44100,/data2/mromaniuc/cet-det/datasets/ECOSS/enhanced4AI_sounds/spectrograms/Odontocetes_Delphinids/Biological_Delphinids_37.2.2_44100_16_6_50_seg000.png,/data2/mromaniuc/cet-det/datasets/ECOSS/enhanced4AI_sounds/Odontocetes_Delphinids/Biological_Delphinids_37.2.2_44100_16_6_50.wav,0.0
Odontocetes_Delphinids,Biological_Delphinids_37.2.2_44100_16_6_51_seg000,Biological_Delphinids_37.2.2_44100_16_6_51.wav,/data2/mromaniuc/cet-det/datasets/ECOSS/enhanced4AI_sounds/Odontocetes_Delphinids/Biological_Delphinids_37.2.2_44100_16_6_51.wav,0,44100,/data2/mromaniuc/cet-det/datasets/ECOSS/enhanced4AI_sounds/spectrograms/Odontocetes_Delphinids/Biological_Delphinids_37.2.2_44100_16_6_51_seg000.png,/data2/mromaniuc/cet-det/datasets/ECOSS/enhanced4AI_sounds/Odontocetes_Delphinids/Biological_Delphinids_37.2.2_44100_16_6_51.wav,0.0
Odontocetes_Delphinids,Biological_Delphinids_37.2.2_48000_16_6_52_seg000,Biological_Delphinids_37.2.2_48000_16_6_52.wav,/data2/mromaniuc/cet-det/datasets/ECOSS/enhanced4AI_sounds/Odontocetes_Delphinids/Biological_Delphinids_37.2.2_48000_16_6_52.wav,0,48000,/data2/mromaniuc/cet-det/datasets/ECOSS/enhanced4AI_sounds/spectrograms/Odontocetes_Delphinids/Biological_Delphinids_37.2.2_48000_16_6_52_seg000.png,/data2/mromaniuc/cet-det/datasets/ECOSS/enhanced4AI_sounds/Odontocetes_Delphinids/Biological_Delphinids_37.2.2_48000_16_6_52.wav,0.0
Odontocetes_Delphinids,Biological_Delphinids_37.2.2_48000_16_6_53_seg000,Biological_Delphinids_37.2.2_48000_16_6_53.wav,/data2/mromaniuc/cet-det/datasets/ECOSS/enhanced4AI_sounds/Odontocetes_Delphinids/Biological_Delphinids_37.2.2_48000_16_6_53.wav,0,48000,/data2/mromaniuc/cet-det/datasets/ECOSS/enhanced4AI_sounds/spectrograms/Odontocetes_Delphinids/Biological_Delphinids_37.2.2_48000_16_6_53_seg000.png,/data2/mromaniuc/cet-det/datasets/ECOSS/enhanced4AI_sounds/Odontocetes_Delphinids/Biological_Delphinids_37.2.2_48000_16_6_53.wav,0.0
Odontocetes_Delphinids,Biological_Delphinids_37.2.2_48000_16_6_54_seg000,Biological_Delphinids_37.2.2_48000_16_6_54.wav,/data2/mromaniuc/cet-det/datasets/ECOSS/enhanced4AI_sounds/Odontocetes_Delphinids/Biological_Delphinids_37.2.2_48000_16_6_54.wav,0,48000,/data2/mromaniuc/cet-det/datasets/ECOSS/enhanced4AI_sounds/spectrograms/Odontocetes_Delphinids/Biological_Delphinids_37.2.2_48000_16_6_54_seg000.png,/data2/mromaniuc/cet-det/datasets/ECOSS/enhanced4AI_sounds/Odontocetes_Delphinids/Biological_Delphinids_37.2.2_48000_16_6_54.wav,0.0
Odontocetes_Delphinids,Biological_Delphinids_37.2.2_48000_16_6_55_seg000,Biological_Delphinids_37.2.2_48000_16_6_55.wav,/data2/mromaniuc/cet-det/datasets/ECOSS/enhanced4AI_sounds/Odontocetes_Delphinids/Biological_Delphinids_37.2.2_48000_16_6_55.wav,0,48000,/data2/mromaniuc/cet-det/datasets/ECOSS/enhanced4AI_sounds/spectrograms/Odontocetes_Delphinids/Biological_Delphinids_37.2.2_48000_16_6_55_seg000.png,/data2/mromaniuc/cet-det/datasets/ECOSS/enhanced4AI_sounds/Odontocetes_Delphinids/Biological_Delphinids_37.2.2_48000_16_6_55.wav,0.0
Odontocetes_Delphinids,Biological_Delphinids_37.2.2_48000_16_6_57_seg000,Biological_Delphinids_37.2.2_48000_16_6_57.wav,/data2/mromaniuc/cet-det/datasets/ECOSS/enhanced4AI_sounds/Odontocetes_Delphinids/Biological_Delphinids_37.2.2_48000_16_6_57.wav,0,48000,/data2/mromaniuc/cet-det/datasets/ECOSS/enhanced4AI_sounds/spectrograms/Odontocetes_Delphinids/Biological_Delphinids_37.2.2_48000_16_6_57_seg000.png,/data2/mromaniuc/cet-det/datasets/ECOSS/enhanced4AI_sounds/Odontocetes_Delphinids/Biological_Delphinids_37.2.2_48000_16_6_57.wav,0.0
Odontocetes_Delphinids,Biological_Delphinids_37.2.2_48000_16_6_58_seg000,Biological_Delphinids_37.2.2_48000_16_6_58.wav,/data2/mromaniuc/cet-det/datasets/ECOSS/enhanced4AI_sounds/Odontocetes_Delphinids/Biological_Delphinids_37.2.2_48000_16_6_58.wav,0,48000,/data2/mromaniuc/cet-det/datasets/ECOSS/enhanced4AI_sounds/spectrograms/Odontocetes_Delphinids/Biological_Delphinids_37.2.2_48000_16_6_58_seg000.png,/data2/mromaniuc/cet-det/datasets/ECOSS/enhanced4AI_sounds/Odontocetes_Delphinids/Biological_Delphinids_37.2.2_48000_16_6_58.wav,0.0
Odontocetes_Delphinids,Biological_Delphinids_37.2.2_48000_16_6_59_seg000,Biological_Delphinids_37.2.2_48000_16_6_59.wav,/data2/mromaniuc/cet-det/datasets/ECOSS/enhanced4AI_sounds/Odontocetes_Delphinids/Biological_Delphinids_37.2.2_48000_16_6_59.wav,0,48000,/data2/mromaniuc/cet-det/datasets/ECOSS/enhanced4AI_sounds/spectrograms/Odontocetes_Delphinids/Biological_Delphinids_37.2.2_48000_16_6_59_seg000.png,/data2/mromaniuc/cet-det/datasets/ECOSS/enhanced4AI_sounds/Odontocetes_Delphinids/Biological_Delphinids_37.2.2_48000_16_6_59.wav,0.0
Odontocetes_Delphinids,Biological_Delphinids_37.2.2_48000_16_6_60_seg000,Biological_Delphinids_37.2.2_48000_16_6_60.wav,/data2/mromaniuc/cet-det/datasets/ECOSS/enhanced4AI_sounds/Odontocetes_Delphinids/Biological_Delphinids_37.2.2_48000_16_6_60.wav,0,48000,/data2/mromaniuc/cet-det/datasets/ECOSS/enhanced4AI_sounds/spectrograms/Odontocetes_Delphinids/Biological_Delphinids_37.2.2_48000_16_6_60_seg000.png,/data2/mromaniuc/cet-det/datasets/ECOSS/enhanced4AI_sounds/Odontocetes_Delphinids/Biological_Delphinids_37.2.2_48000_16_6_60.wav,0.0
Odontocetes_Delphinids,Biological_Delphinids_37.2.2_48000_16_6_61_seg000,Biological_Delphinids_37.2.2_48000_16_6_61.wav,/data2/mromaniuc/cet-det/datasets/ECOSS/enhanced4AI_sounds/Odontocetes_Delphinids/Biological_Delphinids_37.2.2_48000_16_6_61.wav,0,48000,/data2/mromaniuc/cet-det/datasets/ECOSS/enhanced4AI_sounds/spectrograms/Odontocetes_Delphinids/Biological_Delphinids_37.2.2_48000_16_6_61_seg000.png,/data2/mromaniuc/cet-det/datasets/ECOSS/enhanced4AI_sounds/Odontocetes_Delphinids/Biological_Delphinids_37.2.2_48000_16_6_61.wav,0.0
Odontocetes_Delphinids,Biological_Delphinids_37.2.2_48000_16_6_62_seg000,Biological_Delphinids_37.2.2_48000_16_6_62.wav,/data2/mromaniuc/cet-det/datasets/ECOSS/enhanced4AI_sounds/Odontocetes_Delphinids/Biological_Delphinids_37.2.2_48000_16_6_62.wav,0,48000,/data2/mromaniuc/cet-det/datasets/ECOSS/enhanced4AI_sounds/spectrograms/Odontocetes_Delphinids/Biological_Delphinids_37.2.2_48000_16_6_62_seg000.png,/data2/mromaniuc/cet-det/datasets/ECOSS/enhanced4AI_sounds/Odontocetes_Delphinids/Biological_Delphinids_37.2.2_48000_16_6_62.wav,0.0
Odontocetes_Delphinids,Biological_Delphinids_37.2.2_48000_16_6_63_seg000,Biological_Delphinids_37.2.2_48000_16_6_63.wav,/data2/mromaniuc/cet-det/datasets/ECOSS/enhanced4AI_sounds/Odontocetes_Delphinids/Biological_Delphinids_37.2.2_48000_16_6_63.wav,0,48000,/data2/mromaniuc/cet-det/datasets/ECOSS/enhanced4AI_sounds/spectrograms/Odontocetes_Delphinids/Biological_Delphinids_37.2.2_48000_16_6_63_seg000.png,/data2/mromaniuc/cet-det/datasets/ECOSS/enhanced4AI_sounds/Odontocetes_Delphinids/Biological_Delphinids_37.2.2_48000_16_6_63.wav,0.0
Odontocetes_Delphinids,Biological_Delphinids_37.2.2_48000_16_6_64_seg000,Biological_Delphinids_37.2.2_48000_16_6_64.wav,/data2/mromaniuc/cet-det/datasets/ECOSS/enhanced4AI_sounds/Odontocetes_Delphinids/Biological_Delphinids_37.2.2_48000_16_6_64.wav,0,48000,/data2/mromaniuc/cet-det/datasets/ECOSS/enhanced4AI_sounds/spectrograms/Odontocetes_Delphinids/Biological_Delphinids_37.2.2_48000_16_6_64_seg000.png,/data2/mromaniuc/cet-det/datasets/ECOSS/enhanced4AI_sounds/Odontocetes_Delphinids/Biological_Delphinids_37.2.2_48000_16_6_64.wav,0.0
Odontocetes_Delphinids,Biological_Delphinids_37.2.2_48000_16_6_66_seg000,Biological_Delphinids_37.2.2_48000_16_6_66.wav,/data2/mromaniuc/cet-det/datasets/ECOSS/enhanced4AI_sounds/Odontocetes_Delphinids/Biological_Delphinids_37.2.2_48000_16_6_66.wav,0,48000,/data2/mromaniuc/cet-det/datasets/ECOSS/enhanced4AI_sounds/spectrograms/Odontocetes_Delphinids/Biological_Delphinids_37.2.2_48000_16_6_66_seg000.png,/data2/mromaniuc/cet-det/datasets/ECOSS/enhanced4AI_sounds/Odontocetes_Delphinids/Biological_Delphinids_37.2.2_48000_16_6_66.wav,0.0
Odontocetes_Delphinids,Biological_Delphinids_37.2.2_48000_16_7_56_seg000,Biological_Delphinids_37.2.2_48000_16_7_56.wav,/data2/mromaniuc/cet-det/datasets/ECOSS/enhanced4AI_sounds/Odontocetes_Delphinids/Biological_Delphinids_37.2.2_48000_16_7_56.wav,0,48000,/data2/mromaniuc/cet-det/datasets/ECOSS/enhanced4AI_sounds/spectrograms/Odontocetes_Delphinids/Biological_Delphinids_37.2.2_48000_16_7_56_seg000.png,/data2/mromaniuc/cet-det/datasets/ECOSS/enhanced4AI_sounds/Odontocetes_Delphinids/Biological_Delphinids_37.2.2_48000_16_7_56.wav,0.0
Odontocetes_Delphinids,Biological_Delphinids_37.2.2_48000_16_7_65_seg000,Biological_Delphinids_37.2.2_48000_16_7_65.wav,/data2/mromaniuc/cet-det/datasets/ECOSS/enhanced4AI_sounds/Odontocetes_Delphinids/Biological_Delphinids_37.2.2_48000_16_7_65.wav,0,48000,/data2/mromaniuc/cet-det/datasets/ECOSS/enhanced4AI_sounds/spectrograms/Odontocetes_Delphinids/Biological_Delphinids_37.2.2_48000_16_7_65_seg000.png,/data2/mromaniuc/cet-det/datasets/ECOSS/enhanced4AI_sounds/Odontocetes_Delphinids/Biological_Delphinids_37.2.2_48000_16_7_65.wav,0.0
Odontocetes_Delphinids_Stenella,Biological_Stenella_37.1.3_22254_16_6_120_seg000,Biological_Stenella_37.1.3_22254_16_6_120.wav,/data2/mromaniuc/cet-det/datasets/ECOSS/enhanced4AI_sounds/Odontocetes_Delphinids_Stenella/Biological_Stenella_37.1.3_22254_16_6_120.wav,0,22254,/data2/mromaniuc/cet-det/datasets/ECOSS/enhanced4AI_sounds/spectrograms/Odontocetes_Delphinids_Stenella/Biological_Stenella_37.1.3_22254_16_6_120_seg000.png,/data2/mromaniuc/cet-det/datasets/ECOSS/enhanced4AI_sounds/Odontocetes_Delphinids_Stenella/Biological_Stenella_37.1.3_22254_16_6_120.wav,0.0
Odontocetes_Delphinids_Stenella,Biological_Stenella_37.1.3_22254_16_6_121_seg000,Biological_Stenella_37.1.3_22254_16_6_121.wav,/data2/mromaniuc/cet-det/datasets/ECOSS/enhanced4AI_sounds/Odontocetes_Delphinids_Stenella/Biological_Stenella_37.1.3_22254_16_6_121.wav,0,22254,/data2/mromaniuc/cet-det/datasets/ECOSS/enhanced4AI_sounds/spectrograms/Odontocetes_Delphinids_Stenella/Biological_Stenella_37.1.3_22254_16_6_121_seg000.png,/data2/mromaniuc/cet-det/datasets/ECOSS/enhanced4AI_sounds/Odontocetes_Delphinids_Stenella/Biological_Stenella_37.1.3_22254_16_6_121.wav,0.0
Odontocetes_Delphinids_Stenella,Biological_Stenella_37.1.3_22254_16_6_122_seg000,Biological_Stenella_37.1.3_22254_16_6_122.wav,/data2/mromaniuc/cet-det/datasets/ECOSS/enhanced4AI_sounds/Odontocetes_Delphinids_Stenella/Biological_Stenella_37.1.3_22254_16_6_122.wav,0,22254,/data2/mromaniuc/cet-det/datasets/ECOSS/enhanced4AI_sounds/spectrograms/Odontocetes_Delphinids_Stenella/Biological_Stenella_37.1.3_22254_16_6_122_seg000.png,/data2/mromaniuc/cet-det/datasets/ECOSS/enhanced4AI_sounds/Odontocetes_Delphinids_Stenella/Biological_Stenella_37.1.3_22254_16_6_122.wav,0.0
Odontocetes_Delphinids_Stenella,Biological_Stenella_37.1.3_22254_16_6_123_seg000,Biological_Stenella_37.1.3_22254_16_6_123.wav,/data2/mromaniuc/cet-det/datasets/ECOSS/enhanced4AI_sounds/Odontocetes_Delphinids_Stenella/Biological_Stenella_37.1.3_22254_16_6_123.wav,0,22254,/data2/mromaniuc/cet-det/datasets/ECOSS/enhanced4AI_sounds/spectrograms/Odontocetes_Delphinids_Stenella/Biological_Stenella_37.1.3_22254_16_6_123_seg000.png,/data2/mromaniuc/cet-det/datasets/ECOSS/enhanced4AI_sounds/Odontocetes_Delphinids_Stenella/Biological_Stenella_37.1.3_22254_16_6_123.wav,0.0
Odontocetes_Delphinids_Stenella,Biological_Stenella_37.1.3_22254_16_6_124_seg000,Biological_Stenella_37.1.3_22254_16_6_124.wav,/data2/mromaniuc/cet-det/datasets/ECOSS/enhanced4AI_sounds/Odontocetes_Delphinids_Stenella/Biological_Stenella_37.1.3_22254_16_6_124.wav,0,22254,/data2/mromaniuc/cet-det/datasets/ECOSS/enhanced4AI_sounds/spectrograms/Odontocetes_Delphinids_Stenella/Biological_Stenella_37.1.3_22254_16_6_124_seg000.png,/data2/mromaniuc/cet-det/datasets/ECOSS/enhanced4AI_sounds/Odontocetes_Delphinids_Stenella/Biological_Stenella_37.1.3_22254_16_6_124.wav,0.0
Odontocetes_Delphinids_Stenella,Biological_Stenella_37.1.3_22254_16_6_125_seg000,Biological_Stenella_37.1.3_22254_16_6_125.wav,/data2/mromaniuc/cet-det/datasets/ECOSS/enhanced4AI_sounds/Odontocetes_Delphinids_Stenella/Biological_Stenella_37.1.3_22254_16_6_125.wav,0,22254,/data2/mromaniuc/cet-det/datasets/ECOSS/enhanced4AI_sounds/spectrograms/Odontocetes_Delphinids_Stenella/Biological_Stenella_37.1.3_22254_16_6_125_seg000.png,/data2/mromaniuc/cet-det/datasets/ECOSS/enhanced4AI_sounds/Odontocetes_Delphinids_Stenella/Biological_Stenella_37.1.3_22254_16_6_125.wav,0.0
Odontocetes_Delphinids_Stenella,Biological_Stenella_37.1.3_22254_16_6_126_seg000,Biological_Stenella_37.1.3_22254_16_6_126.wav,/data2/mromaniuc/cet-det/datasets/ECOSS/enhanced4AI_sounds/Odontocetes_Delphinids_Stenella/Biological_Stenella_37.1.3_22254_16_6_126.wav,0,22254,/data2/mromaniuc/cet-det/datasets/ECOSS/enhanced4AI_sounds/spectrograms/Odontocetes_Delphinids_Stenella/Biological_Stenella_37.1.3_22254_16_6_126_seg000.png,/data2/mromaniuc/cet-det/datasets/ECOSS/enhanced4AI_sounds/Odontocetes_Delphinids_Stenella/Biological_Stenella_37.1.3_22254_16_6_126.wav,0.0
Odontocetes_Delphinids_Stenella,Biological_Stenella_37.1.3_22254_16_6_127_seg000,Biological_Stenella_37.1.3_22254_16_6_127.wav,/data2/mromaniuc/cet-det/datasets/ECOSS/enhanced4AI_sounds/Odontocetes_Delphinids_Stenella/Biological_Stenella_37.1.3_22254_16_6_127.wav,0,22254,/data2/mromaniuc/cet-det/datasets/ECOSS/enhanced4AI_sounds/spectrograms/Odontocetes_Delphinids_Stenella/Biological_Stenella_37.1.3_22254_16_6_127_seg000.png,/data2/mromaniuc/cet-det/datasets/ECOSS/enhanced4AI_sounds/Odontocetes_Delphinids_Stenella/Biological_Stenella_37.1.3_22254_16_6_127.wav,0.0
Odontocetes_Delphinids_Stenella,Biological_Stenella_37.1.3_22254_16_6_128_seg000,Biological_Stenella_37.1.3_22254_16_6_128.wav,/data2/mromaniuc/cet-det/datasets/ECOSS/enhanced4AI_sounds/Odontocetes_Delphinids_Stenella/Biological_Stenella_37.1.3_22254_16_6_128.wav,0,22254,/data2/mromaniuc/cet-det/datasets/ECOSS/enhanced4AI_sounds/spectrograms/Odontocetes_Delphinids_Stenella/Biological_Stenella_37.1.3_22254_16_6_128_seg000.png,/data2/mromaniuc/cet-det/datasets/ECOSS/enhanced4AI_sounds/Odontocetes_Delphinids_Stenella/Biological_Stenella_37.1.3_22254_16_6_128.wav,0.0
Odontocetes_Delphinids_Stenella,Biological_Stenella_37.1.3_22254_16_6_129_seg000,Biological_Stenella_37.1.3_22254_16_6_129.wav,/data2/mromaniuc/cet-det/datasets/ECOSS/enhanced4AI_sounds/Odontocetes_Delphinids_Stenella/Biological_Stenella_37.1.3_22254_16_6_129.wav,0,22254,/data2/mromaniuc/cet-det/datasets/ECOSS/enhanced4AI_sounds/spectrograms/Odontocetes_Delphinids_Stenella/Biological_Stenella_37.1.3_22254_16_6_129_seg000.png,/data2/mromaniuc/cet-det/datasets/ECOSS/enhanced4AI_sounds/Odontocetes_Delphinids_Stenella/Biological_Stenella_37.1.3_22254_16_6_129.wav,0.0
Odontocetes_Delphinids_Stenella,Biological_Stenella_37.1.3_22254_16_6_130_seg000,Biological_Stenella_37.1.3_22254_16_6_130.wav,/data2/mromaniuc/cet-det/datasets/ECOSS/enhanced4AI_sounds/Odontocetes_Delphinids_Stenella/Biological_Stenella_37.1.3_22254_16_6_130.wav,0,22254,/data2/mromaniuc/cet-det/datasets/ECOSS/enhanced4AI_sounds/spectrograms/Odontocetes_Delphinids_Stenella/Biological_Stenella_37.1.3_22254_16_6_130_seg000.png,/data2/mromaniuc/cet-det/datasets/ECOSS/enhanced4AI_sounds/Odontocetes_Delphinids_Stenella/Biological_Stenella_37.1.3_22254_16_6_130.wav,0.0
Odontocetes_Delphinids_Stenella,Biological_Stenella_37.1.3_22254_16_6_131_seg000,Biological_Stenella_37.1.3_22254_16_6_131.wav,/data2/mromaniuc/cet-det/datasets/ECOSS/enhanced4AI_sounds/Odontocetes_Delphinids_Stenella/Biological_Stenella_37.1.3_22254_16_6_131.wav,0,22254,/data2/mromaniuc/cet-det/datasets/ECOSS/enhanced4AI_sounds/spectrograms/Odontocetes_Delphinids_Stenella/Biological_Stenella_37.1.3_22254_16_6_131_seg000.png,/data2/mromaniuc/cet-det/datasets/ECOSS/enhanced4AI_sounds/Odontocetes_Delphinids_Stenella/Biological_Stenella_37.1.3_22254_16_6_131.wav,0.0
Odontocetes_Delphinids_Stenella,Biological_Stenella_37.1.3_22254_16_6_132_seg000,Biological_Stenella_37.1.3_22254_16_6_132.wav,/data2/mromaniuc/cet-det/datasets/ECOSS/enhanced4AI_sounds/Odontocetes_Delphinids_Stenella/Biological_Stenella_37.1.3_22254_16_6_132.wav,0,22254,/data2/mromaniuc/cet-det/datasets/ECOSS/enhanced4AI_sounds/spectrograms/Odontocetes_Delphinids_Stenella/Biological_Stenella_37.1.3_22254_16_6_132_seg000.png,/data2/mromaniuc/cet-det/datasets/ECOSS/enhanced4AI_sounds/Odontocetes_Delphinids_Stenella/Biological_Stenella_37.1.3_22254_16_6_132.wav,0.0
Odontocetes_Delphinids_Stenella,Biological_Stenella_37.1.3_22254_16_6_133_seg000,Biological_Stenella_37.1.3_22254_16_6_133.wav,/data2/mromaniuc/cet-det/datasets/ECOSS/enhanced4AI_sounds/Odontocetes_Delphinids_Stenella/Biological_Stenella_37.1.3_22254_16_6_133.wav,0,22254,/data2/mromaniuc/cet-det/datasets/ECOSS/enhanced4AI_sounds/spectrograms/Odontocetes_Delphinids_Stenella/Biological_Stenella_37.1.3_22254_16_6_133_seg000.png,/data2/mromaniuc/cet-det/datasets/ECOSS/enhanced4AI_sounds/Odontocetes_Delphinids_Stenella/Biological_Stenella_37.1.3_22254_16_6_133.wav,0.0
Odontocetes_Delphinids_Stenella,Biological_Stenella_37.1.3_22254_16_6_134_seg000,Biological_Stenella_37.1.3_22254_16_6_134.wav,/data2/mromaniuc/cet-det/datasets/ECOSS/enhanced4AI_sounds/Odontocetes_Delphinids_Stenella/Biological_Stenella_37.1.3_22254_16_6_134.wav,0,22254,/data2/mromaniuc/cet-det/datasets/ECOSS/enhanced4AI_sounds/spectrograms/Odontocetes_Delphinids_Stenella/Biological_Stenella_37.1.3_22254_16_6_134_seg000.png,/data2/mromaniuc/cet-det/datasets/ECOSS/enhanced4AI_sounds/Odontocetes_Delphinids_Stenella/Biological_Stenella_37.1.3_22254_16_6_134.wav,0.0
Odontocetes_Delphinids_Stenella,Biological_Stenella_37.1.3_22254_16_6_135_seg000,Biological_Stenella_37.1.3_22254_16_6_135.wav,/data2/mromaniuc/cet-det/datasets/ECOSS/enhanced4AI_sounds/Odontocetes_Delphinids_Stenella/Biological_Stenella_37.1.3_22254_16_6_135.wav,0,22254,/data2/mromaniuc/cet-det/datasets/ECOSS/enhanced4AI_sounds/spectrograms/Odontocetes_Delphinids_Stenella/Biological_Stenella_37.1.3_22254_16_6_135_seg000.png,/data2/mromaniuc/cet-det/datasets/ECOSS/enhanced4AI_sounds/Odontocetes_Delphinids_Stenella/Biological_Stenella_37.1.3_22254_16_6_135.wav,0.0
Odontocetes_Delphinids_Stenella,Biological_Stenella_37.1.3_22254_16_6_136_seg000,Biological_Stenella_37.1.3_22254_16_6_136.wav,/data2/mromaniuc/cet-det/datasets/ECOSS/enhanced4AI_sounds/Odontocetes_Delphinids_Stenella/Biological_Stenella_37.1.3_22254_16_6_136.wav,0,22254,/data2/mromaniuc/cet-det/datasets/ECOSS/enhanced4AI_sounds/spectrograms/Odontocetes_Delphinids_Stenella/Biological_Stenella_37.1.3_22254_16_6_136_seg000.png,/data2/mromaniuc/cet-det/datasets/ECOSS/enhanced4AI_sounds/Odontocetes_Delphinids_Stenella/Biological_Stenella_37.1.3_22254_16_6_136.wav,0.0
Odontocetes_Delphinids_Stenella,Biological_Stenella_37.1.3_22254_16_6_137_seg000,Biological_Stenella_37.1.3_22254_16_6_137.wav,/data2/mromaniuc/cet-det/datasets/ECOSS/enhanced4AI_sounds/Odontocetes_Delphinids_Stenella/Biological_Stenella_37.1.3_22254_16_6_137.wav,0,22254,/data2/mromaniuc/cet-det/datasets/ECOSS/enhanced4AI_sounds/spectrograms/Odontocetes_Delphinids_Stenella/Biological_Stenella_37.1.3_22254_16_6_137_seg000.png,/data2/mromaniuc/cet-det/datasets/ECOSS/enhanced4AI_sounds/Odontocetes_Delphinids_Stenella/Biological_Stenella_37.1.3_22254_16_6_137.wav,0.0
Odontocetes_Delphinids_Stenella,Biological_Stenella_37.1.3_22254_16_6_138_seg000,Biological_Stenella_37.1.3_22254_16_6_138.wav,/data2/mromaniuc/cet-det/datasets/ECOSS/enhanced4AI_sounds/Odontocetes_Delphinids_Stenella/Biological_Stenella_37.1.3_22254_16_6_138.wav,0,22254,/data2/mromaniuc/cet-det/datasets/ECOSS/enhanced4AI_sounds/spectrograms/Odontocetes_Delphinids_Stenella/Biological_Stenella_37.1.3_22254_16_6_138_seg000.png,/data2/mromaniuc/cet-det/datasets/ECOSS/enhanced4AI_sounds/Odontocetes_Delphinids_Stenella/Biological_Stenella_37.1.3_22254_16_6_138.wav,0.0
Odontocetes_Delphinids_Stenella,Biological_Stenella_37.1.3_22254_16_6_139_seg000,Biological_Stenella_37.1.3_22254_16_6_139.wav,/data2/mromaniuc/cet-det/datasets/ECOSS/enhanced4AI_sounds/Odontocetes_Delphinids_Stenella/Biological_Stenella_37.1.3_22254_16_6_139.wav,0,22254,/data2/mromaniuc/cet-det/datasets/ECOSS/enhanced4AI_sounds/spectrograms/Odontocetes_Delphinids_Stenella/Biological_Stenella_37.1.3_22254_16_6_139_seg000.png,/data2/mromaniuc/cet-det/datasets/ECOSS/enhanced4AI_sounds/Odontocetes_Delphinids_Stenella/Biological_Stenella_37.1.3_22254_16_6_139.wav,0.0
Odontocetes_Delphinids_Stenella,Biological_Stenella_37.1.3_22254_16_6_140_seg000,Biological_Stenella_37.1.3_22254_16_6_140.wav,/data2/mromaniuc/cet-det/datasets/ECOSS/enhanced4AI_sounds/Odontocetes_Delphinids_Stenella/Biological_Stenella_37.1.3_22254_16_6_140.wav,0,22254,/data2/mromaniuc/cet-det/datasets/ECOSS/enhanced4AI_sounds/spectrograms/Odontocetes_Delphinids_Stenella/Biological_Stenella_37.1.3_22254_16_6_140_seg000.png,/data2/mromaniuc/cet-det/datasets/ECOSS/enhanced4AI_sounds/Odontocetes_Delphinids_Stenella/Biological_Stenella_37.1.3_22254_16_6_140.wav,0.0
Odontocetes_Delphinids_Stenella,Biological_Stenella_37.1.3_22254_16_6_141_seg000,Biological_Stenella_37.1.3_22254_16_6_141.wav,/data2/mromaniuc/cet-det/datasets/ECOSS/enhanced4AI_sounds/Odontocetes_Delphinids_Stenella/Biological_Stenella_37.1.3_22254_16_6_141.wav,0,22254,/data2/mromaniuc/cet-det/datasets/ECOSS/enhanced4AI_sounds/spectrograms/Odontocetes_Delphinids_Stenella/Biological_Stenella_37.1.3_22254_16_6_141_seg000.png,/data2/mromaniuc/cet-det/datasets/ECOSS/enhanced4AI_sounds/Odontocetes_Delphinids_Stenella/Biological_Stenella_37.1.3_22254_16_6_141.wav,0.0
Odontocetes_Delphinids_Stenella,Biological_Stenella_37.1.3_22254_16_6_142_seg000,Biological_Stenella_37.1.3_22254_16_6_142.wav,/data2/mromaniuc/cet-det/datasets/ECOSS/enhanced4AI_sounds/Odontocetes_Delphinids_Stenella/Biological_Stenella_37.1.3_22254_16_6_142.wav,0,22254,/data2/mromaniuc/cet-det/datasets/ECOSS/enhanced4AI_sounds/spectrograms/Odontocetes_Delphinids_Stenella/Biological_Stenella_37.1.3_22254_16_6_142_seg000.png,/data2/mromaniuc/cet-det/datasets/ECOSS/enhanced4AI_sounds/Odontocetes_Delphinids_Stenella/Biological_Stenella_37.1.3_22254_16_6_142.wav,0.0
Odontocetes_Delphinids_Stenella,Biological_Stenella_37.1.3_22254_16_6_143_seg000,Biological_Stenella_37.1.3_22254_16_6_143.wav,/data2/mromaniuc/cet-det/datasets/ECOSS/enhanced4AI_sounds/Odontocetes_Delphinids_Stenella/Biological_Stenella_37.1.3_22254_16_6_143.wav,0,22254,/data2/mromaniuc/cet-det/datasets/ECOSS/enhanced4AI_sounds/spectrograms/Odontocetes_Delphinids_Stenella/Biological_Stenella_37.1.3_22254_16_6_143_seg000.png,/data2/mromaniuc/cet-det/datasets/ECOSS/enhanced4AI_sounds/Odontocetes_Delphinids_Stenella/Biological_Stenella_37.1.3_22254_16_6_143.wav,0.0
Odontocetes_Delphinids_Stenella,Biological_Stenella_37.1.3_22254_16_6_144_seg000,Biological_Stenella_37.1.3_22254_16_6_144.wav,/data2/mromaniuc/cet-det/datasets/ECOSS/enhanced4AI_sounds/Odontocetes_Delphinids_Stenella/Biological_Stenella_37.1.3_22254_16_6_144.wav,0,22254,/data2/mromaniuc/cet-det/datasets/ECOSS/enhanced4AI_sounds/spectrograms/Odontocetes_Delphinids_Stenella/Biological_Stenella_37.1.3_22254_16_6_144_seg000.png,/data2/mromaniuc/cet-det/datasets/ECOSS/enhanced4AI_sounds/Odontocetes_Delphinids_Stenella/Biological_Stenella_37.1.3_22254_16_6_144.wav,0.0
Odontocetes_Delphinids_Stenella,Biological_Stenella_37.1.3_22254_16_6_145_seg000,Biological_Stenella_37.1.3_22254_16_6_145.wav,/data2/mromaniuc/cet-det/datasets/ECOSS/enhanced4AI_sounds/Odontocetes_Delphinids_Stenella/Biological_Stenella_37.1.3_22254_16_6_145.wav,0,22254,/data2/mromaniuc/cet-det/datasets/ECOSS/enhanced4AI_sounds/spectrograms/Odontocetes_Delphinids_Stenella/Biological_Stenella_37.1.3_22254_16_6_145_seg000.png,/data2/mromaniuc/cet-det/datasets/ECOSS/enhanced4AI_sounds/Odontocetes_Delphinids_Stenella/Biological_Stenella_37.1.3_22254_16_6_145.wav,0.0
Odontocetes_Delphinids_Stenella,Biological_Stenella_37.1.3_22254_16_6_146_seg000,Biological_Stenella_37.1.3_22254_16_6_146.wav,/data2/mromaniuc/cet-det/datasets/ECOSS/enhanced4AI_sounds/Odontocetes_Delphinids_Stenella/Biological_Stenella_37.1.3_22254_16_6_146.wav,0,22254,/data2/mromaniuc/cet-det/datasets/ECOSS/enhanced4AI_sounds/spectrograms/Odontocetes_Delphinids_Stenella/Biological_Stenella_37.1.3_22254_16_6_146_seg000.png,/data2/mromaniuc/cet-det/datasets/ECOSS/enhanced4AI_sounds/Odontocetes_Delphinids_Stenella/Biological_Stenella_37.1.3_22254_16_6_146.wav,0.0
Odontocetes_Delphinids_Stenella,Biological_Stenella_37.1.3_22254_16_6_147_seg000,Biological_Stenella_37.1.3_22254_16_6_147.wav,/data2/mromaniuc/cet-det/datasets/ECOSS/enhanced4AI_sounds/Odontocetes_Delphinids_Stenella/Biological_Stenella_37.1.3_22254_16_6_147.wav,0,22254,/data2/mromaniuc/cet-det/datasets/ECOSS/enhanced4AI_sounds/spectrograms/Odontocetes_Delphinids_Stenella/Biological_Stenella_37.1.3_22254_16_6_147_seg000.png,/data2/mromaniuc/cet-det/datasets/ECOSS/enhanced4AI_sounds/Odontocetes_Delphinids_Stenella/Biological_Stenella_37.1.3_22254_16_6_147.wav,0.0
Odontocetes_Delphinids_Stenella,Biological_Stenella_37.1.3_22254_16_6_148_seg000,Biological_Stenella_37.1.3_22254_16_6_148.wav,/data2/mromaniuc/cet-det/datasets/ECOSS/enhanced4AI_sounds/Odontocetes_Delphinids_Stenella/Biological_Stenella_37.1.3_22254_16_6_148.wav,0,22254,/data2/mromaniuc/cet-det/datasets/ECOSS/enhanced4AI_sounds/spectrograms/Odontocetes_Delphinids_Stenella/Biological_Stenella_37.1.3_22254_16_6_148_seg000.png,/data2/mromaniuc/cet-det/datasets/ECOSS/enhanced4AI_sounds/Odontocetes_Delphinids_Stenella/Biological_Stenella_37.1.3_22254_16_6_148.wav,0.0
Odontocetes_Delphinids_Stenella,Biological_Stenella_37.1.3_22254_16_6_149_seg000,Biological_Stenella_37.1.3_22254_16_6_149.wav,/data2/mromaniuc/cet-det/datasets/ECOSS/enhanced4AI_sounds/Odontocetes_Delphinids_Stenella/Biological_Stenella_37.1.3_22254_16_6_149.wav,0,22254,/data2/mromaniuc/cet-det/datasets/ECOSS/enhanced4AI_sounds/spectrograms/Odontocetes_Delphinids_Stenella/Biological_Stenella_37.1.3_22254_16_6_149_seg000.png,/data2/mromaniuc/cet-det/datasets/ECOSS/enhanced4AI_sounds/Odontocetes_Delphinids_Stenella/Biological_Stenella_37.1.3_22254_16_6_149.wav,0.0
Odontocetes_Delphinids_Stenella,Biological_Stenella_37.1.3_22254_16_6_150_seg000,Biological_Stenella_37.1.3_22254_16_6_150.wav,/data2/mromaniuc/cet-det/datasets/ECOSS/enhanced4AI_sounds/Odontocetes_Delphinids_Stenella/Biological_Stenella_37.1.3_22254_16_6_150.wav,0,22254,/data2/mromaniuc/cet-det/datasets/ECOSS/enhanced4AI_sounds/spectrograms/Odontocetes_Delphinids_Stenella/Biological_Stenella_37.1.3_22254_16_6_150_seg000.png,/data2/mromaniuc/cet-det/datasets/ECOSS/enhanced4AI_sounds/Odontocetes_Delphinids_Stenella/Biological_Stenella_37.1.3_22254_16_6_150.wav,0.0
Odontocetes_Delphinids_Stenella,Biological_Stenella_37.1.3_22254_16_6_151_seg000,Biological_Stenella_37.1.3_22254_16_6_151.wav,/data2/mromaniuc/cet-det/datasets/ECOSS/enhanced4AI_sounds/Odontocetes_Delphinids_Stenella/Biological_Stenella_37.1.3_22254_16_6_151.wav,0,22254,/data2/mromaniuc/cet-det/datasets/ECOSS/enhanced4AI_sounds/spectrograms/Odontocetes_Delphinids_Stenella/Biological_Stenella_37.1.3_22254_16_6_151_seg000.png,/data2/mromaniuc/cet-det/datasets/ECOSS/enhanced4AI_sounds/Odontocetes_Delphinids_Stenella/Biological_Stenella_37.1.3_22254_16_6_151.wav,0.0
Odontocetes_Delphinids_Stenella,Biological_Stenella_37.1.3_22254_16_6_152_seg000,Biological_Stenella_37.1.3_22254_16_6_152.wav,/data2/mromaniuc/cet-det/datasets/ECOSS/enhanced4AI_sounds/Odontocetes_Delphinids_Stenella/Biological_Stenella_37.1.3_22254_16_6_152.wav,0,22254,/data2/mromaniuc/cet-det/datasets/ECOSS/enhanced4AI_sounds/spectrograms/Odontocetes_Delphinids_Stenella/Biological_Stenella_37.1.3_22254_16_6_152_seg000.png,/data2/mromaniuc/cet-det/datasets/ECOSS/enhanced4AI_sounds/Odontocetes_Delphinids_Stenella/Biological_Stenella_37.1.3_22254_16_6_152.wav,0.0
Odontocetes_Delphinids_Stenella,Biological_Stenella_37.1.3_22254_16_6_153_seg000,Biological_Stenella_37.1.3_22254_16_6_153.wav,/data2/mromaniuc/cet-det/datasets/ECOSS/enhanced4AI_sounds/Odontocetes_Delphinids_Stenella/Biological_Stenella_37.1.3_22254_16_6_153.wav,0,22254,/data2/mromaniuc/cet-det/datasets/ECOSS/enhanced4AI_sounds/spectrograms/Odontocetes_Delphinids_Stenella/Biological_Stenella_37.1.3_22254_16_6_153_seg000.png,/data2/mromaniuc/cet-det/datasets/ECOSS/enhanced4AI_sounds/Odontocetes_Delphinids_Stenella/Biological_Stenella_37.1.3_22254_16_6_153.wav,0.0
Odontocetes_Delphinids_Stenella,Biological_Stenella_37.1.3_22254_16_6_154_seg000,Biological_Stenella_37.1.3_22254_16_6_154.wav,/data2/mromaniuc/cet-det/datasets/ECOSS/enhanced4AI_sounds/Odontocetes_Delphinids_Stenella/Biological_Stenella_37.1.3_22254_16_6_154.wav,0,22254,/data2/mromaniuc/cet-det/datasets/ECOSS/enhanced4AI_sounds/spectrograms/Odontocetes_Delphinids_Stenella/Biological_Stenella_37.1.3_22254_16_6_154_seg000.png,/data2/mromaniuc/cet-det/datasets/ECOSS/enhanced4AI_sounds/Odontocetes_Delphinids_Stenella/Biological_Stenella_37.1.3_22254_16_6_154.wav,0.0
Odontocetes_Delphinids_Stenella,Biological_Stenella_37.1.3_22254_16_6_155_seg000,Biological_Stenella_37.1.3_22254_16_6_155.wav,/data2/mromaniuc/cet-det/datasets/ECOSS/enhanced4AI_sounds/Odontocetes_Delphinids_Stenella/Biological_Stenella_37.1.3_22254_16_6_155.wav,0,22254,/data2/mromaniuc/cet-det/datasets/ECOSS/enhanced4AI_sounds/spectrograms/Odontocetes_Delphinids_Stenella/Biological_Stenella_37.1.3_22254_16_6_155_seg000.png,/data2/mromaniuc/cet-det/datasets/ECOSS/enhanced4AI_sounds/Odontocetes_Delphinids_Stenella/Biological_Stenella_37.1.3_22254_16_6_155.wav,0.0
Odontocetes_Delphinids_Stenella,Biological_Stenella_37.1.3_22254_16_6_156_seg000,Biological_Stenella_37.1.3_22254_16_6_156.wav,/data2/mromaniuc/cet-det/datasets/ECOSS/enhanced4AI_sounds/Odontocetes_Delphinids_Stenella/Biological_Stenella_37.1.3_22254_16_6_156.wav,0,22254,/data2/mromaniuc/cet-det/datasets/ECOSS/enhanced4AI_sounds/spectrograms/Odontocetes_Delphinids_Stenella/Biological_Stenella_37.1.3_22254_16_6_156_seg000.png,/data2/mromaniuc/cet-det/datasets/ECOSS/enhanced4AI_sounds/Odontocetes_Delphinids_Stenella/Biological_Stenella_37.1.3_22254_16_6_156.wav,0.0
Odontocetes_Delphinids_Stenella,Biological_Stenella_37.1.3_22254_16_6_157_seg000,Biological_Stenella_37.1.3_22254_16_6_157.wav,/data2/mromaniuc/cet-det/datasets/ECOSS/enhanced4AI_sounds/Odontocetes_Delphinids_Stenella/Biological_Stenella_37.1.3_22254_16_6_157.wav,0,22254,/data2/mromaniuc/cet-det/datasets/ECOSS/enhanced4AI_sounds/spectrograms/Odontocetes_Delphinids_Stenella/Biological_Stenella_37.1.3_22254_16_6_157_seg000.png,/data2/mromaniuc/cet-det/datasets/ECOSS/enhanced4AI_sounds/Odontocetes_Delphinids_Stenella/Biological_Stenella_37.1.3_22254_16_6_157.wav,0.0
Odontocetes_Delphinids_Stenella,Biological_Stenella_37.1.3_22254_16_6_158_seg000,Biological_Stenella_37.1.3_22254_16_6_158.wav,/data2/mromaniuc/cet-det/datasets/ECOSS/enhanced4AI_sounds/Odontocetes_Delphinids_Stenella/Biological_Stenella_37.1.3_22254_16_6_158.wav,0,22254,/data2/mromaniuc/cet-det/datasets/ECOSS/enhanced4AI_sounds/spectrograms/Odontocetes_Delphinids_Stenella/Biological_Stenella_37.1.3_22254_16_6_158_seg000.png,/data2/mromaniuc/cet-det/datasets/ECOSS/enhanced4AI_sounds/Odontocetes_Delphinids_Stenella/Biological_Stenella_37.1.3_22254_16_6_158.wav,0.0
Odontocetes_Delphinids_Stenella,Biological_Stenella_37.1.3_22254_16_6_159_seg000,Biological_Stenella_37.1.3_22254_16_6_159.wav,/data2/mromaniuc/cet-det/datasets/ECOSS/enhanced4AI_sounds/Odontocetes_Delphinids_Stenella/Biological_Stenella_37.1.3_22254_16_6_159.wav,0,22254,/data2/mromaniuc/cet-det/datasets/ECOSS/enhanced4AI_sounds/spectrograms/Odontocetes_Delphinids_Stenella/Biological_Stenella_37.1.3_22254_16_6_159_seg000.png,/data2/mromaniuc/cet-det/datasets/ECOSS/enhanced4AI_sounds/Odontocetes_Delphinids_Stenella/Biological_Stenella_37.1.3_22254_16_6_159.wav,0.0
Odontocetes_Delphinids_Stenella,Biological_Stenella_37.1.3_22254_16_6_160_seg000,Biological_Stenella_37.1.3_22254_16_6_160.wav,/data2/mromaniuc/cet-det/datasets/ECOSS/enhanced4AI_sounds/Odontocetes_Delphinids_Stenella/Biological_Stenella_37.1.3_22254_16_6_160.wav,0,22254,/data2/mromaniuc/cet-det/datasets/ECOSS/enhanced4AI_sounds/spectrograms/Odontocetes_Delphinids_Stenella/Biological_Stenella_37.1.3_22254_16_6_160_seg000.png,/data2/mromaniuc/cet-det/datasets/ECOSS/enhanced4AI_sounds/Odontocetes_Delphinids_Stenella/Biological_Stenella_37.1.3_22254_16_6_160.wav,0.0
Odontocetes_Delphinids_Stenella,Biological_Stenella_37.1.3_22254_16_6_161_seg000,Biological_Stenella_37.1.3_22254_16_6_161.wav,/data2/mromaniuc/cet-det/datasets/ECOSS/enhanced4AI_sounds/Odontocetes_Delphinids_Stenella/Biological_Stenella_37.1.3_22254_16_6_161.wav,0,22254,/data2/mromaniuc/cet-det/datasets/ECOSS/enhanced4AI_sounds/spectrograms/Odontocetes_Delphinids_Stenella/Biological_Stenella_37.1.3_22254_16_6_161_seg000.png,/data2/mromaniuc/cet-det/datasets/ECOSS/enhanced4AI_sounds/Odontocetes_Delphinids_Stenella/Biological_Stenella_37.1.3_22254_16_6_161.wav,0.0
Odontocetes_Delphinids_Stenella,Biological_Stenella_37.1.3_22254_16_6_162_seg000,Biological_Stenella_37.1.3_22254_16_6_162.wav,/data2/mromaniuc/cet-det/datasets/ECOSS/enhanced4AI_sounds/Odontocetes_Delphinids_Stenella/Biological_Stenella_37.1.3_22254_16_6_162.wav,0,22254,/data2/mromaniuc/cet-det/datasets/ECOSS/enhanced4AI_sounds/spectrograms/Odontocetes_Delphinids_Stenella/Biological_Stenella_37.1.3_22254_16_6_162_seg000.png,/data2/mromaniuc/cet-det/datasets/ECOSS/enhanced4AI_sounds/Odontocetes_Delphinids_Stenella/Biological_Stenella_37.1.3_22254_16_6_162.wav,0.0
Odontocetes_Delphinids_Stenella,Biological_Stenella_37.1.3_22254_16_6_163_seg000,Biological_Stenella_37.1.3_22254_16_6_163.wav,/data2/mromaniuc/cet-det/datasets/ECOSS/enhanced4AI_sounds/Odontocetes_Delphinids_Stenella/Biological_Stenella_37.1.3_22254_16_6_163.wav,0,22254,/data2/mromaniuc/cet-det/datasets/ECOSS/enhanced4AI_sounds/spectrograms/Odontocetes_Delphinids_Stenella/Biological_Stenella_37.1.3_22254_16_6_163_seg000.png,/data2/mromaniuc/cet-det/datasets/ECOSS/enhanced4AI_sounds/Odontocetes_Delphinids_Stenella/Biological_Stenella_37.1.3_22254_16_6_163.wav,0.0
Odontocetes_Delphinids_Tursiops,Biological_Tursiops_27.7.e_32500_16_6_165_seg000,Biological_Tursiops_27.7.e_32500_16_6_165.wav,/data2/mromaniuc/cet-det/datasets/ECOSS/enhanced4AI_sounds/Odontocetes_Delphinids_Tursiops/Biological_Tursiops_27.7.e_32500_16_6_165.wav,0,32500,/data2/mromaniuc/cet-det/datasets/ECOSS/enhanced4AI_sounds/spectrograms/Odontocetes_Delphinids_Tursiops/Biological_Tursiops_27.7.e_32500_16_6_165_seg000.png,/data2/mromaniuc/cet-det/datasets/ECOSS/enhanced4AI_sounds/Odontocetes_Delphinids_Tursiops/Biological_Tursiops_27.7.e_32500_16_6_165.wav,0.0
Odontocetes_Delphinids_Tursiops,Biological_Tursiops_27.7.e_32500_16_6_166_seg000,Biological_Tursiops_27.7.e_32500_16_6_166.wav,/data2/mromaniuc/cet-det/datasets/ECOSS/enhanced4AI_sounds/Odontocetes_Delphinids_Tursiops/Biological_Tursiops_27.7.e_32500_16_6_166.wav,0,32500,/data2/mromaniuc/cet-det/datasets/ECOSS/enhanced4AI_sounds/spectrograms/Odontocetes_Delphinids_Tursiops/Biological_Tursiops_27.7.e_32500_16_6_166_seg000.png,/data2/mromaniuc/cet-det/datasets/ECOSS/enhanced4AI_sounds/Odontocetes_Delphinids_Tursiops/Biological_Tursiops_27.7.e_32500_16_6_166.wav,0.0
Odontocetes_Delphinids_Tursiops,Biological_Tursiops_27.7.e_32500_16_6_167_seg000,Biological_Tursiops_27.7.e_32500_16_6_167.wav,/data2/mromaniuc/cet-det/datasets/ECOSS/enhanced4AI_sounds/Odontocetes_Delphinids_Tursiops/Biological_Tursiops_27.7.e_32500_16_6_167.wav,0,32500,/data2/mromaniuc/cet-det/datasets/ECOSS/enhanced4AI_sounds/spectrograms/Odontocetes_Delphinids_Tursiops/Biological_Tursiops_27.7.e_32500_16_6_167_seg000.png,/data2/mromaniuc/cet-det/datasets/ECOSS/enhanced4AI_sounds/Odontocetes_Delphinids_Tursiops/Biological_Tursiops_27.7.e_32500_16_6_167.wav,0.0
Odontocetes_Delphinids_Tursiops,Biological_Tursiops_27.7.e_32500_16_6_168_seg000,Biological_Tursiops_27.7.e_32500_16_6_168.wav,/data2/mromaniuc/cet-det/datasets/ECOSS/enhanced4AI_sounds/Odontocetes_Delphinids_Tursiops/Biological_Tursiops_27.7.e_32500_16_6_168.wav,0,32500,/data2/mromaniuc/cet-det/datasets/ECOSS/enhanced4AI_sounds/spectrograms/Odontocetes_Delphinids_Tursiops/Biological_Tursiops_27.7.e_32500_16_6_168_seg000.png,/data2/mromaniuc/cet-det/datasets/ECOSS/enhanced4AI_sounds/Odontocetes_Delphinids_Tursiops/Biological_Tursiops_27.7.e_32500_16_6_168.wav,0.0
Odontocetes_Delphinids_Tursiops,Biological_Tursiops_27.7.e_44100_16_6_169_seg000,Biological_Tursiops_27.7.e_44100_16_6_169.wav,/data2/mromaniuc/cet-det/datasets/ECOSS/enhanced4AI_sounds/Odontocetes_Delphinids_Tursiops/Biological_Tursiops_27.7.e_44100_16_6_169.wav,0,44100,/data2/mromaniuc/cet-det/datasets/ECOSS/enhanced4AI_sounds/spectrograms/Odontocetes_Delphinids_Tursiops/Biological_Tursiops_27.7.e_44100_16_6_169_seg000.png,/data2/mromaniuc/cet-det/datasets/ECOSS/enhanced4AI_sounds/Odontocetes_Delphinids_Tursiops/Biological_Tursiops_27.7.e_44100_16_6_169.wav,0.0
Odontocetes_Delphinids_Tursiops,Biological_Tursiops_27.7.e_44100_16_6_170_seg000,Biological_Tursiops_27.7.e_44100_16_6_170.wav,/data2/mromaniuc/cet-det/datasets/ECOSS/enhanced4AI_sounds/Odontocetes_Delphinids_Tursiops/Biological_Tursiops_27.7.e_44100_16_6_170.wav,0,44100,/data2/mromaniuc/cet-det/datasets/ECOSS/enhanced4AI_sounds/spectrograms/Odontocetes_Delphinids_Tursiops/Biological_Tursiops_27.7.e_44100_16_6_170_seg000.png,/data2/mromaniuc/cet-det/datasets/ECOSS/enhanced4AI_sounds/Odontocetes_Delphinids_Tursiops/Biological_Tursiops_27.7.e_44100_16_6_170.wav,0.0
Odontocetes_Delphinids_Tursiops,Biological_Tursiops_37.1.3_44100_16_15_41_seg000,Biological_Tursiops_37.1.3_44100_16_15_41.wav,/data2/mromaniuc/cet-det/datasets/ECOSS/enhanced4AI_sounds/Odontocetes_Delphinids_Tursiops/Biological_Tursiops_37.1.3_44100_16_15_41.wav,0,44100,/data2/mromaniuc/cet-det/datasets/ECOSS/enhanced4AI_sounds/spectrograms/Odontocetes_Delphinids_Tursiops/Biological_Tursiops_37.1.3_44100_16_15_41_seg000.png,/data2/mromaniuc/cet-det/datasets/ECOSS/enhanced4AI_sounds/Odontocetes_Delphinids_Tursiops/Biological_Tursiops_37.1.3_44100_16_15_41.wav,0.0
Odontocetes_Delphinids_Tursiops,Biological_Tursiops_37.1.3_44100_16_15_41_seg001,Biological_Tursiops_37.1.3_44100_16_15_41.wav,/data2/mromaniuc/cet-det/datasets/ECOSS/enhanced4AI_sounds/Odontocetes_Delphinids_Tursiops/Biological_Tursiops_37.1.3_44100_16_15_41.wav,1,44100,/data2/mromaniuc/cet-det/datasets/ECOSS/enhanced4AI_sounds/spectrograms/Odontocetes_Delphinids_Tursiops/Biological_Tursiops_37.1.3_44100_16_15_41_seg001.png,/data2/mromaniuc/cet-det/datasets/ECOSS/enhanced4AI_sounds/Odontocetes_Delphinids_Tursiops/Biological_Tursiops_37.1.3_44100_16_15_41.wav,5.0
Odontocetes_Delphinids_Tursiops,Biological_Tursiops_37.1.3_44100_16_15_42_seg000,Biological_Tursiops_37.1.3_44100_16_15_42.wav,/data2/mromaniuc/cet-det/datasets/ECOSS/enhanced4AI_sounds/Odontocetes_Delphinids_Tursiops/Biological_Tursiops_37.1.3_44100_16_15_42.wav,0,44100,/data2/mromaniuc/cet-det/datasets/ECOSS/enhanced4AI_sounds/spectrograms/Odontocetes_Delphinids_Tursiops/Biological_Tursiops_37.1.3_44100_16_15_42_seg000.png,/data2/mromaniuc/cet-det/datasets/ECOSS/enhanced4AI_sounds/Odontocetes_Delphinids_Tursiops/Biological_Tursiops_37.1.3_44100_16_15_42.wav,0.0
Odontocetes_Delphinids_Tursiops,Biological_Tursiops_37.1.3_44100_16_15_42_seg001,Biological_Tursiops_37.1.3_44100_16_15_42.wav,/data2/mromaniuc/cet-det/datasets/ECOSS/enhanced4AI_sounds/Odontocetes_Delphinids_Tursiops/Biological_Tursiops_37.1.3_44100_16_15_42.wav,1,44100,/data2/mromaniuc/cet-det/datasets/ECOSS/enhanced4AI_sounds/spectrograms/Odontocetes_Delphinids_Tursiops/Biological_Tursiops_37.1.3_44100_16_15_42_seg001.png,/data2/mromaniuc/cet-det/datasets/ECOSS/enhanced4AI_sounds/Odontocetes_Delphinids_Tursiops/Biological_Tursiops_37.1.3_44100_16_15_42.wav,5.0
Odontocetes_Delphinids_Tursiops,Biological_Tursiops_37.1.3_44100_16_15_43_seg000,Biological_Tursiops_37.1.3_44100_16_15_43.wav,/data2/mromaniuc/cet-det/datasets/ECOSS/enhanced4AI_sounds/Odontocetes_Delphinids_Tursiops/Biological_Tursiops_37.1.3_44100_16_15_43.wav,0,44100,/data2/mromaniuc/cet-det/datasets/ECOSS/enhanced4AI_sounds/spectrograms/Odontocetes_Delphinids_Tursiops/Biological_Tursiops_37.1.3_44100_16_15_43_seg000.png,/data2/mromaniuc/cet-det/datasets/ECOSS/enhanced4AI_sounds/Odontocetes_Delphinids_Tursiops/Biological_Tursiops_37.1.3_44100_16_15_43.wav,0.0
Odontocetes_Delphinids_Tursiops,Biological_Tursiops_37.1.3_44100_16_15_43_seg001,Biological_Tursiops_37.1.3_44100_16_15_43.wav,/data2/mromaniuc/cet-det/datasets/ECOSS/enhanced4AI_sounds/Odontocetes_Delphinids_Tursiops/Biological_Tursiops_37.1.3_44100_16_15_43.wav,1,44100,/data2/mromaniuc/cet-det/datasets/ECOSS/enhanced4AI_sounds/spectrograms/Odontocetes_Delphinids_Tursiops/Biological_Tursiops_37.1.3_44100_16_15_43_seg001.png,/data2/mromaniuc/cet-det/datasets/ECOSS/enhanced4AI_sounds/Odontocetes_Delphinids_Tursiops/Biological_Tursiops_37.1.3_44100_16_15_43.wav,5.0
Odontocetes_Delphinids_Tursiops,Biological_Tursiops_37.1.3_44100_16_15_44_seg000,Biological_Tursiops_37.1.3_44100_16_15_44.wav,/data2/mromaniuc/cet-det/datasets/ECOSS/enhanced4AI_sounds/Odontocetes_Delphinids_Tursiops/Biological_Tursiops_37.1.3_44100_16_15_44.wav,0,44100,/data2/mromaniuc/cet-det/datasets/ECOSS/enhanced4AI_sounds/spectrograms/Odontocetes_Delphinids_Tursiops/Biological_Tursiops_37.1.3_44100_16_15_44_seg000.png,/data2/mromaniuc/cet-det/datasets/ECOSS/enhanced4AI_sounds/Odontocetes_Delphinids_Tursiops/Biological_Tursiops_37.1.3_44100_16_15_44.wav,0.0
Odontocetes_Delphinids_Tursiops,Biological_Tursiops_37.1.3_44100_16_15_44_seg001,Biological_Tursiops_37.1.3_44100_16_15_44.wav,/data2/mromaniuc/cet-det/datasets/ECOSS/enhanced4AI_sounds/Odontocetes_Delphinids_Tursiops/Biological_Tursiops_37.1.3_44100_16_15_44.wav,1,44100,/data2/mromaniuc/cet-det/datasets/ECOSS/enhanced4AI_sounds/spectrograms/Odontocetes_Delphinids_Tursiops/Biological_Tursiops_37.1.3_44100_16_15_44_seg001.png,/data2/mromaniuc/cet-det/datasets/ECOSS/enhanced4AI_sounds/Odontocetes_Delphinids_Tursiops/Biological_Tursiops_37.1.3_44100_16_15_44.wav,5.0
Odontocetes_Delphinids_Tursiops,Biological_Tursiops_37.1.3_81600_16_6_28_seg000,Biological_Tursiops_37.1.3_81600_16_6_28.wav,/data2/mromaniuc/cet-det/datasets/ECOSS/enhanced4AI_sounds/Odontocetes_Delphinids_Tursiops/Biological_Tursiops_37.1.3_81600_16_6_28.wav,0,81600,/data2/mromaniuc/cet-det/datasets/ECOSS/enhanced4AI_sounds/spectrograms/Odontocetes_Delphinids_Tursiops/Biological_Tursiops_37.1.3_81600_16_6_28_seg000.png,/data2/mromaniuc/cet-det/datasets/ECOSS/enhanced4AI_sounds/Odontocetes_Delphinids_Tursiops/Biological_Tursiops_37.1.3_81600_16_6_28.wav,0.0
Odontocetes_Delphinids_Tursiops,Biological_Tursiops_37.1.3_81920_16_6_29_seg000,Biological_Tursiops_37.1.3_81920_16_6_29.wav,/data2/mromaniuc/cet-det/datasets/ECOSS/enhanced4AI_sounds/Odontocetes_Delphinids_Tursiops/Biological_Tursiops_37.1.3_81920_16_6_29.wav,0,81920,/data2/mromaniuc/cet-det/datasets/ECOSS/enhanced4AI_sounds/spectrograms/Odontocetes_Delphinids_Tursiops/Biological_Tursiops_37.1.3_81920_16_6_29_seg000.png,/data2/mromaniuc/cet-det/datasets/ECOSS/enhanced4AI_sounds/Odontocetes_Delphinids_Tursiops/Biological_Tursiops_37.1.3_81920_16_6_29.wav,0.0
Odontocetes_Delphinids_Tursiops,Biological_Tursiops_37.1.3_81920_16_6_30_seg000,Biological_Tursiops_37.1.3_81920_16_6_30.wav,/data2/mromaniuc/cet-det/datasets/ECOSS/enhanced4AI_sounds/Odontocetes_Delphinids_Tursiops/Biological_Tursiops_37.1.3_81920_16_6_30.wav,0,81920,/data2/mromaniuc/cet-det/datasets/ECOSS/enhanced4AI_sounds/spectrograms/Odontocetes_Delphinids_Tursiops/Biological_Tursiops_37.1.3_81920_16_6_30_seg000.png,/data2/mromaniuc/cet-det/datasets/ECOSS/enhanced4AI_sounds/Odontocetes_Delphinids_Tursiops/Biological_Tursiops_37.1.3_81920_16_6_30.wav,0.0
Odontocetes_Delphinids_Tursiops,Biological_Tursiops_37.1.3_81920_16_6_31_seg000,Biological_Tursiops_37.1.3_81920_16_6_31.wav,/data2/mromaniuc/cet-det/datasets/ECOSS/enhanced4AI_sounds/Odontocetes_Delphinids_Tursiops/Biological_Tursiops_37.1.3_81920_16_6_31.wav,0,81920,/data2/mromaniuc/cet-det/datasets/ECOSS/enhanced4AI_sounds/spectrograms/Odontocetes_Delphinids_Tursiops/Biological_Tursiops_37.1.3_81920_16_6_31_seg000.png,/data2/mromaniuc/cet-det/datasets/ECOSS/enhanced4AI_sounds/Odontocetes_Delphinids_Tursiops/Biological_Tursiops_37.1.3_81920_16_6_31.wav,0.0
Odontocetes_Delphinids_Tursiops,Biological_Tursiops_37.1.3_81920_16_6_32_seg000,Biological_Tursiops_37.1.3_81920_16_6_32.wav,/data2/mromaniuc/cet-det/datasets/ECOSS/enhanced4AI_sounds/Odontocetes_Delphinids_Tursiops/Biological_Tursiops_37.1.3_81920_16_6_32.wav,0,81920,/data2/mromaniuc/cet-det/datasets/ECOSS/enhanced4AI_sounds/spectrograms/Odontocetes_Delphinids_Tursiops/Biological_Tursiops_37.1.3_81920_16_6_32_seg000.png,/data2/mromaniuc/cet-det/datasets/ECOSS/enhanced4AI_sounds/Odontocetes_Delphinids_Tursiops/Biological_Tursiops_37.1.3_81920_16_6_32.wav,0.0
Odontocetes_Delphinids_Tursiops,Biological_Tursiops_37.1.3_81920_16_6_33_seg000,Biological_Tursiops_37.1.3_81920_16_6_33.wav,/data2/mromaniuc/cet-det/datasets/ECOSS/enhanced4AI_sounds/Odontocetes_Delphinids_Tursiops/Biological_Tursiops_37.1.3_81920_16_6_33.wav,0,81920,/data2/mromaniuc/cet-det/datasets/ECOSS/enhanced4AI_sounds/spectrograms/Odontocetes_Delphinids_Tursiops/Biological_Tursiops_37.1.3_81920_16_6_33_seg000.png,/data2/mromaniuc/cet-det/datasets/ECOSS/enhanced4AI_sounds/Odontocetes_Delphinids_Tursiops/Biological_Tursiops_37.1.3_81920_16_6_33.wav,0.0
Odontocetes_Delphinids_Tursiops,Biological_Tursiops_37.1.3_81920_16_6_34_seg000,Biological_Tursiops_37.1.3_81920_16_6_34.wav,/data2/mromaniuc/cet-det/datasets/ECOSS/enhanced4AI_sounds/Odontocetes_Delphinids_Tursiops/Biological_Tursiops_37.1.3_81920_16_6_34.wav,0,81920,/data2/mromaniuc/cet-det/datasets/ECOSS/enhanced4AI_sounds/spectrograms/Odontocetes_Delphinids_Tursiops/Biological_Tursiops_37.1.3_81920_16_6_34_seg000.png,/data2/mromaniuc/cet-det/datasets/ECOSS/enhanced4AI_sounds/Odontocetes_Delphinids_Tursiops/Biological_Tursiops_37.1.3_81920_16_6_34.wav,0.0
Odontocetes_Delphinids_Tursiops,Biological_Tursiops_37.1.3_81920_16_6_35_seg000,Biological_Tursiops_37.1.3_81920_16_6_35.wav,/data2/mromaniuc/cet-det/datasets/ECOSS/enhanced4AI_sounds/Odontocetes_Delphinids_Tursiops/Biological_Tursiops_37.1.3_81920_16_6_35.wav,0,81920,/data2/mromaniuc/cet-det/datasets/ECOSS/enhanced4AI_sounds/spectrograms/Odontocetes_Delphinids_Tursiops/Biological_Tursiops_37.1.3_81920_16_6_35_seg000.png,/data2/mromaniuc/cet-det/datasets/ECOSS/enhanced4AI_sounds/Odontocetes_Delphinids_Tursiops/Biological_Tursiops_37.1.3_81920_16_6_35.wav,0.0
Odontocetes_Delphinids_Tursiops,Biological_Tursiops_37.1.3_81920_16_6_36_seg000,Biological_Tursiops_37.1.3_81920_16_6_36.wav,/data2/mromaniuc/cet-det/datasets/ECOSS/enhanced4AI_sounds/Odontocetes_Delphinids_Tursiops/Biological_Tursiops_37.1.3_81920_16_6_36.wav,0,81920,/data2/mromaniuc/cet-det/datasets/ECOSS/enhanced4AI_sounds/spectrograms/Odontocetes_Delphinids_Tursiops/Biological_Tursiops_37.1.3_81920_16_6_36_seg000.png,/data2/mromaniuc/cet-det/datasets/ECOSS/enhanced4AI_sounds/Odontocetes_Delphinids_Tursiops/Biological_Tursiops_37.1.3_81920_16_6_36.wav,0.0
Odontocetes_Delphinids_Tursiops,Biological_Tursiops_37.1.3_81920_16_6_37_seg000,Biological_Tursiops_37.1.3_81920_16_6_37.wav,/data2/mromaniuc/cet-det/datasets/ECOSS/enhanced4AI_sounds/Odontocetes_Delphinids_Tursiops/Biological_Tursiops_37.1.3_81920_16_6_37.wav,0,81920,/data2/mromaniuc/cet-det/datasets/ECOSS/enhanced4AI_sounds/spectrograms/Odontocetes_Delphinids_Tursiops/Biological_Tursiops_37.1.3_81920_16_6_37_seg000.png,/data2/mromaniuc/cet-det/datasets/ECOSS/enhanced4AI_sounds/Odontocetes_Delphinids_Tursiops/Biological_Tursiops_37.1.3_81920_16_6_37.wav,0.0
Odontocetes_Delphinids_Tursiops,Biological_Tursiops_37.1.3_81920_16_6_38_seg000,Biological_Tursiops_37.1.3_81920_16_6_38.wav,/data2/mromaniuc/cet-det/datasets/ECOSS/enhanced4AI_sounds/Odontocetes_Delphinids_Tursiops/Biological_Tursiops_37.1.3_81920_16_6_38.wav,0,81920,/data2/mromaniuc/cet-det/datasets/ECOSS/enhanced4AI_sounds/spectrograms/Odontocetes_Delphinids_Tursiops/Biological_Tursiops_37.1.3_81920_16_6_38_seg000.png,/data2/mromaniuc/cet-det/datasets/ECOSS/enhanced4AI_sounds/Odontocetes_Delphinids_Tursiops/Biological_Tursiops_37.1.3_81920_16_6_38.wav,0.0
Odontocetes_Delphinids_Tursiops,Biological_Tursiops_37.1.3_81920_16_6_39_seg000,Biological_Tursiops_37.1.3_81920_16_6_39.wav,/data2/mromaniuc/cet-det/datasets/ECOSS/enhanced4AI_sounds/Odontocetes_Delphinids_Tursiops/Biological_Tursiops_37.1.3_81920_16_6_39.wav,0,81920,/data2/mromaniuc/cet-det/datasets/ECOSS/enhanced4AI_sounds/spectrograms/Odontocetes_Delphinids_Tursiops/Biological_Tursiops_37.1.3_81920_16_6_39_seg000.png,/data2/mromaniuc/cet-det/datasets/ECOSS/enhanced4AI_sounds/Odontocetes_Delphinids_Tursiops/Biological_Tursiops_37.1.3_81920_16_6_39.wav,0.0
Odontocetes_Delphinids_Tursiops,Biological_Tursiops_37.1.3_81920_16_6_40_seg000,Biological_Tursiops_37.1.3_81920_16_6_40.wav,/data2/mromaniuc/cet-det/datasets/ECOSS/enhanced4AI_sounds/Odontocetes_Delphinids_Tursiops/Biological_Tursiops_37.1.3_81920_16_6_40.wav,0,81920,/data2/mromaniuc/cet-det/datasets/ECOSS/enhanced4AI_sounds/spectrograms/Odontocetes_Delphinids_Tursiops/Biological_Tursiops_37.1.3_81920_16_6_40_seg000.png,/data2/mromaniuc/cet-det/datasets/ECOSS/enhanced4AI_sounds/Odontocetes_Delphinids_Tursiops/Biological_Tursiops_37.1.3_81920_16_6_40.wav,0.0
Odontocetes_KillerWhale,Biological_KillerWhale_27.2.a_22050_16_6_14_seg000,Biological_KillerWhale_27.2.a_22050_16_6_14.wav,/data2/mromaniuc/cet-det/datasets/ECOSS/enhanced4AI_sounds/Odontocetes_KillerWhale/Biological_KillerWhale_27.2.a_22050_16_6_14.wav,0,22050,/data2/mromaniuc/cet-det/datasets/ECOSS/enhanced4AI_sounds/spectrograms/Odontocetes_KillerWhale/Biological_KillerWhale_27.2.a_22050_16_6_14_seg000.png,/data2/mromaniuc/cet-det/datasets/ECOSS/enhanced4AI_sounds/Odontocetes_KillerWhale/Biological_KillerWhale_27.2.a_22050_16_6_14.wav,0.0
Odontocetes_KillerWhale,Biological_KillerWhale_27.2.a_22050_16_6_15_seg000,Biological_KillerWhale_27.2.a_22050_16_6_15.wav,/data2/mromaniuc/cet-det/datasets/ECOSS/enhanced4AI_sounds/Odontocetes_KillerWhale/Biological_KillerWhale_27.2.a_22050_16_6_15.wav,0,22050,/data2/mromaniuc/cet-det/datasets/ECOSS/enhanced4AI_sounds/spectrograms/Odontocetes_KillerWhale/Biological_KillerWhale_27.2.a_22050_16_6_15_seg000.png,/data2/mromaniuc/cet-det/datasets/ECOSS/enhanced4AI_sounds/Odontocetes_KillerWhale/Biological_KillerWhale_27.2.a_22050_16_6_15.wav,0.0
Odontocetes_KillerWhale,Biological_KillerWhale_27.2.a_22050_16_7_13_seg000,Biological_KillerWhale_27.2.a_22050_16_7_13.wav,/data2/mromaniuc/cet-det/datasets/ECOSS/enhanced4AI_sounds/Odontocetes_KillerWhale/Biological_KillerWhale_27.2.a_22050_16_7_13.wav,0,22050,/data2/mromaniuc/cet-det/datasets/ECOSS/enhanced4AI_sounds/spectrograms/Odontocetes_KillerWhale/Biological_KillerWhale_27.2.a_22050_16_7_13_seg000.png,/data2/mromaniuc/cet-det/datasets/ECOSS/enhanced4AI_sounds/Odontocetes_KillerWhale/Biological_KillerWhale_27.2.a_22050_16_7_13.wav,0.0
Odontocetes_KillerWhale,Biological_KillerWhale_27.2.a_44100_16_6_16_seg000,Biological_KillerWhale_27.2.a_44100_16_6_16.wav,/data2/mromaniuc/cet-det/datasets/ECOSS/enhanced4AI_sounds/Odontocetes_KillerWhale/Biological_KillerWhale_27.2.a_44100_16_6_16.wav,0,44100,/data2/mromaniuc/cet-det/datasets/ECOSS/enhanced4AI_sounds/spectrograms/Odontocetes_KillerWhale/Biological_KillerWhale_27.2.a_44100_16_6_16_seg000.png,/data2/mromaniuc/cet-det/datasets/ECOSS/enhanced4AI_sounds/Odontocetes_KillerWhale/Biological_KillerWhale_27.2.a_44100_16_6_16.wav,0.0
Odontocetes_KillerWhale,Biological_KillerWhale_27.2.a_44100_16_6_17_seg000,Biological_KillerWhale_27.2.a_44100_16_6_17.wav,/data2/mromaniuc/cet-det/datasets/ECOSS/enhanced4AI_sounds/Odontocetes_KillerWhale/Biological_KillerWhale_27.2.a_44100_16_6_17.wav,0,44100,/data2/mromaniuc/cet-det/datasets/ECOSS/enhanced4AI_sounds/spectrograms/Odontocetes_KillerWhale/Biological_KillerWhale_27.2.a_44100_16_6_17_seg000.png,/data2/mromaniuc/cet-det/datasets/ECOSS/enhanced4AI_sounds/Odontocetes_KillerWhale/Biological_KillerWhale_27.2.a_44100_16_6_17.wav,0.0
Odontocetes_KillerWhale,Biological_KillerWhale_27.2.a_44100_16_6_20_seg000,Biological_KillerWhale_27.2.a_44100_16_6_20.wav,/data2/mromaniuc/cet-det/datasets/ECOSS/enhanced4AI_sounds/Odontocetes_KillerWhale/Biological_KillerWhale_27.2.a_44100_16_6_20.wav,0,44100,/data2/mromaniuc/cet-det/datasets/ECOSS/enhanced4AI_sounds/spectrograms/Odontocetes_KillerWhale/Biological_KillerWhale_27.2.a_44100_16_6_20_seg000.png,/data2/mromaniuc/cet-det/datasets/ECOSS/enhanced4AI_sounds/Odontocetes_KillerWhale/Biological_KillerWhale_27.2.a_44100_16_6_20.wav,0.0
Odontocetes_KillerWhale,Biological_KillerWhale_27.2.a_44100_16_6_21_seg000,Biological_KillerWhale_27.2.a_44100_16_6_21.wav,/data2/mromaniuc/cet-det/datasets/ECOSS/enhanced4AI_sounds/Odontocetes_KillerWhale/Biological_KillerWhale_27.2.a_44100_16_6_21.wav,0,44100,/data2/mromaniuc/cet-det/datasets/ECOSS/enhanced4AI_sounds/spectrograms/Odontocetes_KillerWhale/Biological_KillerWhale_27.2.a_44100_16_6_21_seg000.png,/data2/mromaniuc/cet-det/datasets/ECOSS/enhanced4AI_sounds/Odontocetes_KillerWhale/Biological_KillerWhale_27.2.a_44100_16_6_21.wav,0.0
Odontocetes_KillerWhale,Biological_KillerWhale_27.2.a_44100_16_6_22_seg000,Biological_KillerWhale_27.2.a_44100_16_6_22.wav,/data2/mromaniuc/cet-det/datasets/ECOSS/enhanced4AI_sounds/Odontocetes_KillerWhale/Biological_KillerWhale_27.2.a_44100_16_6_22.wav,0,44100,/data2/mromaniuc/cet-det/datasets/ECOSS/enhanced4AI_sounds/spectrograms/Odontocetes_KillerWhale/Biological_KillerWhale_27.2.a_44100_16_6_22_seg000.png,/data2/mromaniuc/cet-det/datasets/ECOSS/enhanced4AI_sounds/Odontocetes_KillerWhale/Biological_KillerWhale_27.2.a_44100_16_6_22.wav,0.0
Odontocetes_KillerWhale,Biological_KillerWhale_27.2.a_44100_16_6_23_seg000,Biological_KillerWhale_27.2.a_44100_16_6_23.wav,/data2/mromaniuc/cet-det/datasets/ECOSS/enhanced4AI_sounds/Odontocetes_KillerWhale/Biological_KillerWhale_27.2.a_44100_16_6_23.wav,0,44100,/data2/mromaniuc/cet-det/datasets/ECOSS/enhanced4AI_sounds/spectrograms/Odontocetes_KillerWhale/Biological_KillerWhale_27.2.a_44100_16_6_23_seg000.png,/data2/mromaniuc/cet-det/datasets/ECOSS/enhanced4AI_sounds/Odontocetes_KillerWhale/Biological_KillerWhale_27.2.a_44100_16_6_23.wav,0.0
Odontocetes_KillerWhale,Biological_KillerWhale_27.2.a_44100_16_6_24_seg000,Biological_KillerWhale_27.2.a_44100_16_6_24.wav,/data2/mromaniuc/cet-det/datasets/ECOSS/enhanced4AI_sounds/Odontocetes_KillerWhale/Biological_KillerWhale_27.2.a_44100_16_6_24.wav,0,44100,/data2/mromaniuc/cet-det/datasets/ECOSS/enhanced4AI_sounds/spectrograms/Odontocetes_KillerWhale/Biological_KillerWhale_27.2.a_44100_16_6_24_seg000.png,/data2/mromaniuc/cet-det/datasets/ECOSS/enhanced4AI_sounds/Odontocetes_KillerWhale/Biological_KillerWhale_27.2.a_44100_16_6_24.wav,0.0
Odontocetes_KillerWhale,Biological_KillerWhale_27.2.a_44100_16_6_25_seg000,Biological_KillerWhale_27.2.a_44100_16_6_25.wav,/data2/mromaniuc/cet-det/datasets/ECOSS/enhanced4AI_sounds/Odontocetes_KillerWhale/Biological_KillerWhale_27.2.a_44100_16_6_25.wav,0,44100,/data2/mromaniuc/cet-det/datasets/ECOSS/enhanced4AI_sounds/spectrograms/Odontocetes_KillerWhale/Biological_KillerWhale_27.2.a_44100_16_6_25_seg000.png,/data2/mromaniuc/cet-det/datasets/ECOSS/enhanced4AI_sounds/Odontocetes_KillerWhale/Biological_KillerWhale_27.2.a_44100_16_6_25.wav,0.0
Odontocetes_KillerWhale,Biological_KillerWhale_27.2.a_44100_16_6_26_seg000,Biological_KillerWhale_27.2.a_44100_16_6_26.wav,/data2/mromaniuc/cet-det/datasets/ECOSS/enhanced4AI_sounds/Odontocetes_KillerWhale/Biological_KillerWhale_27.2.a_44100_16_6_26.wav,0,44100,/data2/mromaniuc/cet-det/datasets/ECOSS/enhanced4AI_sounds/spectrograms/Odontocetes_KillerWhale/Biological_KillerWhale_27.2.a_44100_16_6_26_seg000.png,/data2/mromaniuc/cet-det/datasets/ECOSS/enhanced4AI_sounds/Odontocetes_KillerWhale/Biological_KillerWhale_27.2.a_44100_16_6_26.wav,0.0
Odontocetes_KillerWhale,Biological_KillerWhale_27.2.a_44100_16_6_27_seg000,Biological_KillerWhale_27.2.a_44100_16_6_27.wav,/data2/mromaniuc/cet-det/datasets/ECOSS/enhanced4AI_sounds/Odontocetes_KillerWhale/Biological_KillerWhale_27.2.a_44100_16_6_27.wav,0,44100,/data2/mromaniuc/cet-det/datasets/ECOSS/enhanced4AI_sounds/spectrograms/Odontocetes_KillerWhale/Biological_KillerWhale_27.2.a_44100_16_6_27_seg000.png,/data2/mromaniuc/cet-det/datasets/ECOSS/enhanced4AI_sounds/Odontocetes_KillerWhale/Biological_KillerWhale_27.2.a_44100_16_6_27.wav,0.0
Odontocetes_KillerWhale,Biological_KillerWhale_27.2.a_44100_16_7_18_seg000,Biological_KillerWhale_27.2.a_44100_16_7_18.wav,/data2/mromaniuc/cet-det/datasets/ECOSS/enhanced4AI_sounds/Odontocetes_KillerWhale/Biological_KillerWhale_27.2.a_44100_16_7_18.wav,0,44100,/data2/mromaniuc/cet-det/datasets/ECOSS/enhanced4AI_sounds/spectrograms/Odontocetes_KillerWhale/Biological_KillerWhale_27.2.a_44100_16_7_18_seg000.png,/data2/mromaniuc/cet-det/datasets/ECOSS/enhanced4AI_sounds/Odontocetes_KillerWhale/Biological_KillerWhale_27.2.a_44100_16_7_18.wav,0.0
Odontocetes_KillerWhale,Biological_KillerWhale_27.2.a_44100_16_7_19_seg000,Biological_KillerWhale_27.2.a_44100_16_7_19.wav,/data2/mromaniuc/cet-det/datasets/ECOSS/enhanced4AI_sounds/Odontocetes_KillerWhale/Biological_KillerWhale_27.2.a_44100_16_7_19.wav,0,44100,/data2/mromaniuc/cet-det/datasets/ECOSS/enhanced4AI_sounds/spectrograms/Odontocetes_KillerWhale/Biological_KillerWhale_27.2.a_44100_16_7_19_seg000.png,/data2/mromaniuc/cet-det/datasets/ECOSS/enhanced4AI_sounds/Odontocetes_KillerWhale/Biological_KillerWhale_27.2.a_44100_16_7_19.wav,0.0
Odontocetes_SpermWhale,Biological_SpermWhale_37.1.3_44100_16_15_110_seg000,Biological_SpermWhale_37.1.3_44100_16_15_110.wav,/data2/mromaniuc/cet-det/datasets/ECOSS/enhanced4AI_sounds/Odontocetes_SpermWhale/Biological_SpermWhale_37.1.3_44100_16_15_110.wav,0,44100,/data2/mromaniuc/cet-det/datasets/ECOSS/enhanced4AI_sounds/spectrograms/Odontocetes_SpermWhale/Biological_SpermWhale_37.1.3_44100_16_15_110_seg000.png,/data2/mromaniuc/cet-det/datasets/ECOSS/enhanced4AI_sounds/Odontocetes_SpermWhale/Biological_SpermWhale_37.1.3_44100_16_15_110.wav,0.0
Odontocetes_SpermWhale,Biological_SpermWhale_37.1.3_44100_16_15_110_seg001,Biological_SpermWhale_37.1.3_44100_16_15_110.wav,/data2/mromaniuc/cet-det/datasets/ECOSS/enhanced4AI_sounds/Odontocetes_SpermWhale/Biological_SpermWhale_37.1.3_44100_16_15_110.wav,1,44100,/data2/mromaniuc/cet-det/datasets/ECOSS/enhanced4AI_sounds/spectrograms/Odontocetes_SpermWhale/Biological_SpermWhale_37.1.3_44100_16_15_110_seg001.png,/data2/mromaniuc/cet-det/datasets/ECOSS/enhanced4AI_sounds/Odontocetes_SpermWhale/Biological_SpermWhale_37.1.3_44100_16_15_110.wav,5.0
Odontocetes_SpermWhale,Biological_SpermWhale_37.1.3_44100_16_15_111_seg000,Biological_SpermWhale_37.1.3_44100_16_15_111.wav,/data2/mromaniuc/cet-det/datasets/ECOSS/enhanced4AI_sounds/Odontocetes_SpermWhale/Biological_SpermWhale_37.1.3_44100_16_15_111.wav,0,44100,/data2/mromaniuc/cet-det/datasets/ECOSS/enhanced4AI_sounds/spectrograms/Odontocetes_SpermWhale/Biological_SpermWhale_37.1.3_44100_16_15_111_seg000.png,/data2/mromaniuc/cet-det/datasets/ECOSS/enhanced4AI_sounds/Odontocetes_SpermWhale/Biological_SpermWhale_37.1.3_44100_16_15_111.wav,0.0
Odontocetes_SpermWhale,Biological_SpermWhale_37.1.3_44100_16_15_111_seg001,Biological_SpermWhale_37.1.3_44100_16_15_111.wav,/data2/mromaniuc/cet-det/datasets/ECOSS/enhanced4AI_sounds/Odontocetes_SpermWhale/Biological_SpermWhale_37.1.3_44100_16_15_111.wav,1,44100,/data2/mromaniuc/cet-det/datasets/ECOSS/enhanced4AI_sounds/spectrograms/Odontocetes_SpermWhale/Biological_SpermWhale_37.1.3_44100_16_15_111_seg001.png,/data2/mromaniuc/cet-det/datasets/ECOSS/enhanced4AI_sounds/Odontocetes_SpermWhale/Biological_SpermWhale_37.1.3_44100_16_15_111.wav,5.0
Odontocetes_SpermWhale,Biological_SpermWhale_37.1.3_44100_16_15_112_seg000,Biological_SpermWhale_37.1.3_44100_16_15_112.wav,/data2/mromaniuc/cet-det/datasets/ECOSS/enhanced4AI_sounds/Odontocetes_SpermWhale/Biological_SpermWhale_37.1.3_44100_16_15_112.wav,0,44100,/data2/mromaniuc/cet-det/datasets/ECOSS/enhanced4AI_sounds/spectrograms/Odontocetes_SpermWhale/Biological_SpermWhale_37.1.3_44100_16_15_112_seg000.png,/data2/mromaniuc/cet-det/datasets/ECOSS/enhanced4AI_sounds/Odontocetes_SpermWhale/Biological_SpermWhale_37.1.3_44100_16_15_112.wav,0.0
Odontocetes_SpermWhale,Biological_SpermWhale_37.1.3_44100_16_15_112_seg001,Biological_SpermWhale_37.1.3_44100_16_15_112.wav,/data2/mromaniuc/cet-det/datasets/ECOSS/enhanced4AI_sounds/Odontocetes_SpermWhale/Biological_SpermWhale_37.1.3_44100_16_15_112.wav,1,44100,/data2/mromaniuc/cet-det/datasets/ECOSS/enhanced4AI_sounds/spectrograms/Odontocetes_SpermWhale/Biological_SpermWhale_37.1.3_44100_16_15_112_seg001.png,/data2/mromaniuc/cet-det/datasets/ECOSS/enhanced4AI_sounds/Odontocetes_SpermWhale/Biological_SpermWhale_37.1.3_44100_16_15_112.wav,5.0
Odontocetes_SpermWhale,Biological_SpermWhale_37.1.3_44100_16_15_113_seg000,Biological_SpermWhale_37.1.3_44100_16_15_113.wav,/data2/mromaniuc/cet-det/datasets/ECOSS/enhanced4AI_sounds/Odontocetes_SpermWhale/Biological_SpermWhale_37.1.3_44100_16_15_113.wav,0,44100,/data2/mromaniuc/cet-det/datasets/ECOSS/enhanced4AI_sounds/spectrograms/Odontocetes_SpermWhale/Biological_SpermWhale_37.1.3_44100_16_15_113_seg000.png,/data2/mromaniuc/cet-det/datasets/ECOSS/enhanced4AI_sounds/Odontocetes_SpermWhale/Biological_SpermWhale_37.1.3_44100_16_15_113.wav,0.0
Odontocetes_SpermWhale,Biological_SpermWhale_37.1.3_44100_16_15_113_seg001,Biological_SpermWhale_37.1.3_44100_16_15_113.wav,/data2/mromaniuc/cet-det/datasets/ECOSS/enhanced4AI_sounds/Odontocetes_SpermWhale/Biological_SpermWhale_37.1.3_44100_16_15_113.wav,1,44100,/data2/mromaniuc/cet-det/datasets/ECOSS/enhanced4AI_sounds/spectrograms/Odontocetes_SpermWhale/Biological_SpermWhale_37.1.3_44100_16_15_113_seg001.png,/data2/mromaniuc/cet-det/datasets/ECOSS/enhanced4AI_sounds/Odontocetes_SpermWhale/Biological_SpermWhale_37.1.3_44100_16_15_113.wav,5.0
Odontocetes_SpermWhale,Biological_SpermWhale_37.1.3_44100_16_15_114_seg000,Biological_SpermWhale_37.1.3_44100_16_15_114.wav,/data2/mromaniuc/cet-det/datasets/ECOSS/enhanced4AI_sounds/Odontocetes_SpermWhale/Biological_SpermWhale_37.1.3_44100_16_15_114.wav,0,44100,/data2/mromaniuc/cet-det/datasets/ECOSS/enhanced4AI_sounds/spectrograms/Odontocetes_SpermWhale/Biological_SpermWhale_37.1.3_44100_16_15_114_seg000.png,/data2/mromaniuc/cet-det/datasets/ECOSS/enhanced4AI_sounds/Odontocetes_SpermWhale/Biological_SpermWhale_37.1.3_44100_16_15_114.wav,0.0
Odontocetes_SpermWhale,Biological_SpermWhale_37.1.3_44100_16_15_114_seg001,Biological_SpermWhale_37.1.3_44100_16_15_114.wav,/data2/mromaniuc/cet-det/datasets/ECOSS/enhanced4AI_sounds/Odontocetes_SpermWhale/Biological_SpermWhale_37.1.3_44100_16_15_114.wav,1,44100,/data2/mromaniuc/cet-det/datasets/ECOSS/enhanced4AI_sounds/spectrograms/Odontocetes_SpermWhale/Biological_SpermWhale_37.1.3_44100_16_15_114_seg001.png,/data2/mromaniuc/cet-det/datasets/ECOSS/enhanced4AI_sounds/Odontocetes_SpermWhale/Biological_SpermWhale_37.1.3_44100_16_15_114.wav,5.0
Odontocetes_SpermWhale,Biological_SpermWhale_37.1.3_48000_16_6_115_seg000,Biological_SpermWhale_37.1.3_48000_16_6_115.wav,/data2/mromaniuc/cet-det/datasets/ECOSS/enhanced4AI_sounds/Odontocetes_SpermWhale/Biological_SpermWhale_37.1.3_48000_16_6_115.wav,0,48000,/data2/mromaniuc/cet-det/datasets/ECOSS/enhanced4AI_sounds/spectrograms/Odontocetes_SpermWhale/Biological_SpermWhale_37.1.3_48000_16_6_115_seg000.png,/data2/mromaniuc/cet-det/datasets/ECOSS/enhanced4AI_sounds/Odontocetes_SpermWhale/Biological_SpermWhale_37.1.3_48000_16_6_115.wav,0.0
Odontocetes_SpermWhale,Biological_SpermWhale_37.1.3_48000_16_6_116_seg000,Biological_SpermWhale_37.1.3_48000_16_6_116.wav,/data2/mromaniuc/cet-det/datasets/ECOSS/enhanced4AI_sounds/Odontocetes_SpermWhale/Biological_SpermWhale_37.1.3_48000_16_6_116.wav,0,48000,/data2/mromaniuc/cet-det/datasets/ECOSS/enhanced4AI_sounds/spectrograms/Odontocetes_SpermWhale/Biological_SpermWhale_37.1.3_48000_16_6_116_seg000.png,/data2/mromaniuc/cet-det/datasets/ECOSS/enhanced4AI_sounds/Odontocetes_SpermWhale/Biological_SpermWhale_37.1.3_48000_16_6_116.wav,0.0
Odontocetes_SpermWhale,Biological_SpermWhale_37.1.3_48000_16_6_117_seg000,Biological_SpermWhale_37.1.3_48000_16_6_117.wav,/data2/mromaniuc/cet-det/datasets/ECOSS/enhanced4AI_sounds/Odontocetes_SpermWhale/Biological_SpermWhale_37.1.3_48000_16_6_117.wav,0,48000,/data2/mromaniuc/cet-det/datasets/ECOSS/enhanced4AI_sounds/spectrograms/Odontocetes_SpermWhale/Biological_SpermWhale_37.1.3_48000_16_6_117_seg000.png,/data2/mromaniuc/cet-det/datasets/ECOSS/enhanced4AI_sounds/Odontocetes_SpermWhale/Biological_SpermWhale_37.1.3_48000_16_6_117.wav,0.0
Odontocetes_SpermWhale,Biological_SpermWhale_37.1.3_48000_16_6_118_seg000,Biological_SpermWhale_37.1.3_48000_16_6_118.wav,/data2/mromaniuc/cet-det/datasets/ECOSS/enhanced4AI_sounds/Odontocetes_SpermWhale/Biological_SpermWhale_37.1.3_48000_16_6_118.wav,0,48000,/data2/mromaniuc/cet-det/datasets/ECOSS/enhanced4AI_sounds/spectrograms/Odontocetes_SpermWhale/Biological_SpermWhale_37.1.3_48000_16_6_118_seg000.png,/data2/mromaniuc/cet-det/datasets/ECOSS/enhanced4AI_sounds/Odontocetes_SpermWhale/Biological_SpermWhale_37.1.3_48000_16_6_118.wav,0.0
Odontocetes_SpermWhale,Biological_SpermWhale_37.1.3_48000_16_6_119_seg000,Biological_SpermWhale_37.1.3_48000_16_6_119.wav,/data2/mromaniuc/cet-det/datasets/ECOSS/enhanced4AI_sounds/Odontocetes_SpermWhale/Biological_SpermWhale_37.1.3_48000_16_6_119.wav,0,48000,/data2/mromaniuc/cet-det/datasets/ECOSS/enhanced4AI_sounds/spectrograms/Odontocetes_SpermWhale/Biological_SpermWhale_37.1.3_48000_16_6_119_seg000.png,/data2/mromaniuc/cet-det/datasets/ECOSS/enhanced4AI_sounds/Odontocetes_SpermWhale/Biological_SpermWhale_37.1.3_48000_16_6_119.wav,0.0
