species,label,source_file,window_idx,window_kind,original_duration_s,native_sr,sig_start_sample,sig_len_sample,embedding_idx
Balaenoptera_physalus,Balaenoptera_physalus,Fin_Finback_Whale_003.wav,0,extended,3.82175,16000,29879,122296,0
Balaenoptera_physalus,Balaenoptera_physalus,Fin_Finback_Whale_004.wav,0,extended,1.631,16000,75961,52192,1
Balaenoptera_physalus,Balaenoptera_physalus,Fin_Finback_Whale_005.wav,0,extended,2.7924375,16000,53512,89358,2
Balaenoptera_physalus,Balaenoptera_physalus,Fin_Finback_Whale_006.wav,0,extended,2.44,16000,60379,78080,3
Balaenoptera_physalus,Balaenoptera_physalus,Fin_Finback_Whale_007.wav,0,extended,1.6575625,16000,104069,53042,4
Balaenoptera_physalus,Balaenoptera_physalus,Fin_Finback_Whale_008.wav,0,extended,1.5393125,16000,92422,49258,5
Balaenoptera_physalus,Balaenoptera_physalus,Fin_Finback_Whale_011.wav,0,extended,2.2255625,16000,70585,71218,6
Balaenoptera_physalus,Balaenoptera_physalus,Fin_Finback_Whale_012.wav,0,extended,1.91725,16000,84714,61352,7
Balaenoptera_physalus,Balaenoptera_physalus,Fin_Finback_Whale_013.wav,0,extended,2.5955,16000,40118,83056,8
Balaenoptera_physalus,Balaenoptera_physalus,Fin_Finback_Whale_014.wav,0,extended,1.0245625,16000,65762,32786,9
Balaenoptera_physalus,Balaenoptera_physalus,Fin_Finback_Whale_015.wav,0,extended,3.055,16000,19834,97760,10
Balaenoptera_physalus,Balaenoptera_physalus,Fin_Finback_Whale_016.wav,0,extended,1.10525,16000,43369,35368,11
Balaenoptera_physalus,Balaenoptera_physalus,Fin_Finback_Whale_017.wav,0,extended,3.26625,16000,16404,104520,12
Balaenoptera_physalus,Balaenoptera_physalus,Fin_Finback_Whale_018.wav,0,extended,1.2245625,16000,4325,39186,13
Balaenoptera_physalus,Balaenoptera_physalus,Fin_Finback_Whale_019.wav,0,extended,1.826875,16000,97772,58460,14
Balaenoptera_physalus,Balaenoptera_physalus,Fin_Finback_Whale_020.wav,0,extended,2.2476875,16000,25961,71926,15
Balaenoptera_physalus,Balaenoptera_physalus,Fin_Finback_Whale_024.wav,0,extended,1.755,16000,94390,56160,16
Balaenoptera_physalus,Balaenoptera_physalus,Fin_Finback_Whale_025.wav,0,extended,1.6790625,16000,68657,53730,17
Balaenoptera_physalus,Balaenoptera_physalus,Fin_Finback_Whale_026.wav,0,extended,1.604875,16000,10537,51356,18
Balaenoptera_physalus,Balaenoptera_physalus,Fin_Finback_Whale_027.wav,0,extended,1.3183125,16000,32611,42186,19
Balaenoptera_physalus,Balaenoptera_physalus,Fin_Finback_Whale_028.wav,0,extended,2.511875,16000,66002,80380,20
Balaenoptera_physalus,Balaenoptera_physalus,Fin_Finback_Whale_029.wav,0,extended,3.1475,16000,39890,100720,21
Balaenoptera_physalus,Balaenoptera_physalus,Fin_Finback_Whale_030.wav,0,extended,2.6113125,16000,27985,83562,22
Balaenoptera_physalus,Balaenoptera_physalus,Fin_Finback_Whale_032.wav,0,extended,3.2480625,16000,11909,103938,23
Balaenoptera_physalus,Balaenoptera_physalus,Fin_Finback_Whale_033.wav,0,extended,1.18425,16000,104372,37896,24
Balaenoptera_physalus,Balaenoptera_physalus,Fin_Finback_Whale_035.wav,0,extended,2.847,16000,41664,91104,25
Balaenoptera_physalus,Balaenoptera_physalus,Fin_Finback_Whale_037.wav,0,extended,3.488,16000,366,111616,26
Balaenoptera_physalus,Balaenoptera_physalus,Fin_Finback_Whale_038.wav,0,extended,1.1961875,16000,100322,38278,27
Balaenoptera_physalus,Balaenoptera_physalus,Fin_Finback_Whale_039.wav,0,extended,2.405,16000,31667,76960,28
Globicephala_melas,Globicephala_melas,Long-Finned_Pilot_Whale_001.wav,0,real,77.8760625,16000,0,160000,29
Globicephala_melas,Globicephala_melas,Long-Finned_Pilot_Whale_001.wav,1,real,77.8760625,16000,0,160000,30
Globicephala_melas,Globicephala_melas,Long-Finned_Pilot_Whale_001.wav,2,real,77.8760625,16000,0,160000,31
Globicephala_melas,Globicephala_melas,Long-Finned_Pilot_Whale_001.wav,3,real,77.8760625,16000,0,160000,32
Globicephala_melas,Globicephala_melas,Long-Finned_Pilot_Whale_001.wav,4,real,77.8760625,16000,0,160000,33
Globicephala_melas,Globicephala_melas,Long-Finned_Pilot_Whale_001.wav,5,real,77.8760625,16000,0,160000,34
Globicephala_melas,Globicephala_melas,Long-Finned_Pilot_Whale_001.wav,6,real,77.8760625,16000,0,160000,35
Globicephala_melas,Globicephala_melas,Long-Finned_Pilot_Whale_001.wav,7,real,77.8760625,16000,0,160000,36
Globicephala_melas,Globicephala_melas,Long-Finned_Pilot_Whale_001.wav,8,real,77.8760625,16000,0,160000,37
Globicephala_melas,Globicephala_melas,Long-Finned_Pilot_Whale_001.wav,9,real,77.8760625,16000,0,160000,38
Globicephala_melas,Globicephala_melas,Long-Finned_Pilot_Whale_001.wav,10,real,77.8760625,16000,0,160000,39
Globicephala_melas,Globicephala_melas,Long-Finned_Pilot_Whale_001.wav,11,real,77.8760625,16000,0,160000,40
Globicephala_melas,Globicephala_melas,Long-Finned_Pilot_Whale_001.wav,12,real,77.8760625,16000,0,160000,41
Globicephala_melas,Globicephala_melas,Long-Finned_Pilot_Whale_001.wav,13,real,77.8760625,16000,0,160000,42
Globicephala_melas,Globicephala_melas,Long-Finned_Pilot_Whale_001.wav,14,real,77.8760625,16000,0,160000,43
Globicephala_melas,Globicephala_melas,Long-Finned_Pilot_Whale_001.wav,15,tail_extended,77.8760625,16000,8195,92034,44
Globicephala_melas,Globicephala_melas,Long-Finned_Pilot_Whale_002.wav,0,extended,3.732,16000,10025,119424,45
Globicephala_melas,Globicephala_melas,Long-Finned_Pilot_Whale_003.wav,0,real,8.6,16000,0,160000,46
Globicephala_melas,Globicephala_melas,Long-Finned_Pilot_Whale_003.wav,1,tail_extended,8.6,16000,12219,115200,47
Globicephala_melas,Globicephala_melas,Long-Finned_Pilot_Whale_004.wav,0,real,11.396,16000,0,160000,48
Globicephala_melas,Globicephala_melas,Long-Finned_Pilot_Whale_004.wav,1,real,11.396,16000,0,160000,49
Globicephala_melas,Globicephala_melas,Long-Finned_Pilot_Whale_004.wav,2,tail_extended,11.396,16000,113453,44672,50
Globicephala_melas,Globicephala_melas,Long-Finned_Pilot_Whale_005.wav,0,real,8.422,16000,0,160000,51
Globicephala_melas,Globicephala_melas,Long-Finned_Pilot_Whale_005.wav,1,tail_extended,8.422,16000,33638,109504,52
Globicephala_melas,Globicephala_melas,Long-Finned_Pilot_Whale_006.wav,0,real,5.232625,16000,0,160000,53
Globicephala_melas,Globicephala_melas,Long-Finned_Pilot_Whale_007.wav,0,real,8.577,16000,0,160000,54
Globicephala_melas,Globicephala_melas,Long-Finned_Pilot_Whale_007.wav,1,tail_extended,8.577,16000,20724,114464,55
Globicephala_melas,Globicephala_melas,Long-Finned_Pilot_Whale_008.wav,0,extended,3.672,16000,37835,117504,56
Globicephala_melas,Globicephala_melas,Long-Finned_Pilot_Whale_009.wav,0,real,197.496,16000,0,160000,57
Globicephala_melas,Globicephala_melas,Long-Finned_Pilot_Whale_009.wav,1,real,197.496,16000,0,160000,58
Globicephala_melas,Globicephala_melas,Long-Finned_Pilot_Whale_009.wav,2,real,197.496,16000,0,160000,59
Globicephala_melas,Globicephala_melas,Long-Finned_Pilot_Whale_009.wav,3,real,197.496,16000,0,160000,60
Globicephala_melas,Globicephala_melas,Long-Finned_Pilot_Whale_009.wav,4,real,197.496,16000,0,160000,61
Globicephala_melas,Globicephala_melas,Long-Finned_Pilot_Whale_009.wav,5,real,197.496,16000,0,160000,62
Globicephala_melas,Globicephala_melas,Long-Finned_Pilot_Whale_009.wav,6,real,197.496,16000,0,160000,63
Globicephala_melas,Globicephala_melas,Long-Finned_Pilot_Whale_009.wav,7,real,197.496,16000,0,160000,64
Globicephala_melas,Globicephala_melas,Long-Finned_Pilot_Whale_009.wav,8,real,197.496,16000,0,160000,65
Globicephala_melas,Globicephala_melas,Long-Finned_Pilot_Whale_009.wav,9,real,197.496,16000,0,160000,66
Globicephala_melas,Globicephala_melas,Long-Finned_Pilot_Whale_009.wav,10,real,197.496,16000,0,160000,67
Globicephala_melas,Globicephala_melas,Long-Finned_Pilot_Whale_009.wav,11,real,197.496,16000,0,160000,68
Globicephala_melas,Globicephala_melas,Long-Finned_Pilot_Whale_009.wav,12,real,197.496,16000,0,160000,69
Globicephala_melas,Globicephala_melas,Long-Finned_Pilot_Whale_009.wav,13,real,197.496,16000,0,160000,70
Globicephala_melas,Globicephala_melas,Long-Finned_Pilot_Whale_009.wav,14,real,197.496,16000,0,160000,71
Globicephala_melas,Globicephala_melas,Long-Finned_Pilot_Whale_009.wav,15,real,197.496,16000,0,160000,72
Globicephala_melas,Globicephala_melas,Long-Finned_Pilot_Whale_009.wav,16,real,197.496,16000,0,160000,73
Globicephala_melas,Globicephala_melas,Long-Finned_Pilot_Whale_009.wav,17,real,197.496,16000,0,160000,74
Globicephala_melas,Globicephala_melas,Long-Finned_Pilot_Whale_009.wav,18,real,197.496,16000,0,160000,75
Globicephala_melas,Globicephala_melas,Long-Finned_Pilot_Whale_009.wav,19,real,197.496,16000,0,160000,76
Globicephala_melas,Globicephala_melas,Long-Finned_Pilot_Whale_009.wav,20,real,197.496,16000,0,160000,77
Globicephala_melas,Globicephala_melas,Long-Finned_Pilot_Whale_009.wav,21,real,197.496,16000,0,160000,78
Globicephala_melas,Globicephala_melas,Long-Finned_Pilot_Whale_009.wav,22,real,197.496,16000,0,160000,79
Globicephala_melas,Globicephala_melas,Long-Finned_Pilot_Whale_009.wav,23,real,197.496,16000,0,160000,80
Globicephala_melas,Globicephala_melas,Long-Finned_Pilot_Whale_009.wav,24,real,197.496,16000,0,160000,81
Globicephala_melas,Globicephala_melas,Long-Finned_Pilot_Whale_009.wav,25,real,197.496,16000,0,160000,82
Globicephala_melas,Globicephala_melas,Long-Finned_Pilot_Whale_009.wav,26,real,197.496,16000,0,160000,83
Globicephala_melas,Globicephala_melas,Long-Finned_Pilot_Whale_009.wav,27,real,197.496,16000,0,160000,84
Globicephala_melas,Globicephala_melas,Long-Finned_Pilot_Whale_009.wav,28,real,197.496,16000,0,160000,85
Globicephala_melas,Globicephala_melas,Long-Finned_Pilot_Whale_009.wav,29,real,197.496,16000,0,160000,86
Globicephala_melas,Globicephala_melas,Long-Finned_Pilot_Whale_009.wav,30,real,197.496,16000,0,160000,87
Globicephala_melas,Globicephala_melas,Long-Finned_Pilot_Whale_009.wav,31,real,197.496,16000,0,160000,88
Globicephala_melas,Globicephala_melas,Long-Finned_Pilot_Whale_009.wav,32,real,197.496,16000,0,160000,89
Globicephala_melas,Globicephala_melas,Long-Finned_Pilot_Whale_009.wav,33,real,197.496,16000,0,160000,90
Globicephala_melas,Globicephala_melas,Long-Finned_Pilot_Whale_009.wav,34,real,197.496,16000,0,160000,91
Globicephala_melas,Globicephala_melas,Long-Finned_Pilot_Whale_009.wav,35,real,197.496,16000,0,160000,92
Globicephala_melas,Globicephala_melas,Long-Finned_Pilot_Whale_009.wav,36,real,197.496,16000,0,160000,93
Globicephala_melas,Globicephala_melas,Long-Finned_Pilot_Whale_009.wav,37,real,197.496,16000,0,160000,94
Globicephala_melas,Globicephala_melas,Long-Finned_Pilot_Whale_009.wav,38,real,197.496,16000,0,160000,95
Globicephala_melas,Globicephala_melas,Long-Finned_Pilot_Whale_009.wav,39,tail_extended,197.496,16000,50777,79872,96
Globicephala_melas,Globicephala_melas,Long-Finned_Pilot_Whale_010.wav,0,real,6.42,16000,0,160000,97
Globicephala_melas,Globicephala_melas,Long-Finned_Pilot_Whale_010.wav,1,tail_extended,6.42,16000,16427,45440,98
Globicephala_melas,Globicephala_melas,Long-Finned_Pilot_Whale_011.wav,0,real,18.83175,16000,0,160000,99
Globicephala_melas,Globicephala_melas,Long-Finned_Pilot_Whale_011.wav,1,real,18.83175,16000,0,160000,100
Globicephala_melas,Globicephala_melas,Long-Finned_Pilot_Whale_011.wav,2,real,18.83175,16000,0,160000,101
Globicephala_melas,Globicephala_melas,Long-Finned_Pilot_Whale_011.wav,3,tail_extended,18.83175,16000,23357,122616,102
Globicephala_melas,Globicephala_melas,Long-Finned_Pilot_Whale_012.wav,0,real,9.2545,16000,0,160000,103
Globicephala_melas,Globicephala_melas,Long-Finned_Pilot_Whale_012.wav,1,tail_extended,9.2545,16000,8929,136144,104
Globicephala_melas,Globicephala_melas,Long-Finned_Pilot_Whale_013.wav,0,real,6.12,16000,0,160000,105
Globicephala_melas,Globicephala_melas,Long-Finned_Pilot_Whale_013.wav,1,tail_extended,6.12,16000,74133,35840,106
Globicephala_melas,Globicephala_melas,Long-Finned_Pilot_Whale_014.wav,0,real,157.43475,16000,0,160000,107
Globicephala_melas,Globicephala_melas,Long-Finned_Pilot_Whale_014.wav,1,real,157.43475,16000,0,160000,108
Globicephala_melas,Globicephala_melas,Long-Finned_Pilot_Whale_014.wav,2,real,157.43475,16000,0,160000,109
Globicephala_melas,Globicephala_melas,Long-Finned_Pilot_Whale_014.wav,3,real,157.43475,16000,0,160000,110
Globicephala_melas,Globicephala_melas,Long-Finned_Pilot_Whale_014.wav,4,real,157.43475,16000,0,160000,111
Globicephala_melas,Globicephala_melas,Long-Finned_Pilot_Whale_014.wav,5,real,157.43475,16000,0,160000,112
Globicephala_melas,Globicephala_melas,Long-Finned_Pilot_Whale_014.wav,6,real,157.43475,16000,0,160000,113
Globicephala_melas,Globicephala_melas,Long-Finned_Pilot_Whale_014.wav,7,real,157.43475,16000,0,160000,114
Globicephala_melas,Globicephala_melas,Long-Finned_Pilot_Whale_014.wav,8,real,157.43475,16000,0,160000,115
Globicephala_melas,Globicephala_melas,Long-Finned_Pilot_Whale_014.wav,9,real,157.43475,16000,0,160000,116
Globicephala_melas,Globicephala_melas,Long-Finned_Pilot_Whale_014.wav,10,real,157.43475,16000,0,160000,117
Globicephala_melas,Globicephala_melas,Long-Finned_Pilot_Whale_014.wav,11,real,157.43475,16000,0,160000,118
Globicephala_melas,Globicephala_melas,Long-Finned_Pilot_Whale_014.wav,12,real,157.43475,16000,0,160000,119
Globicephala_melas,Globicephala_melas,Long-Finned_Pilot_Whale_014.wav,13,real,157.43475,16000,0,160000,120
Globicephala_melas,Globicephala_melas,Long-Finned_Pilot_Whale_014.wav,14,real,157.43475,16000,0,160000,121
Globicephala_melas,Globicephala_melas,Long-Finned_Pilot_Whale_014.wav,15,real,157.43475,16000,0,160000,122
Globicephala_melas,Globicephala_melas,Long-Finned_Pilot_Whale_014.wav,16,real,157.43475,16000,0,160000,123
Globicephala_melas,Globicephala_melas,Long-Finned_Pilot_Whale_014.wav,17,real,157.43475,16000,0,160000,124
Globicephala_melas,Globicephala_melas,Long-Finned_Pilot_Whale_014.wav,18,real,157.43475,16000,0,160000,125
Globicephala_melas,Globicephala_melas,Long-Finned_Pilot_Whale_014.wav,19,real,157.43475,16000,0,160000,126
Globicephala_melas,Globicephala_melas,Long-Finned_Pilot_Whale_014.wav,20,real,157.43475,16000,0,160000,127
Globicephala_melas,Globicephala_melas,Long-Finned_Pilot_Whale_014.wav,21,real,157.43475,16000,0,160000,128
Globicephala_melas,Globicephala_melas,Long-Finned_Pilot_Whale_014.wav,22,real,157.43475,16000,0,160000,129
Globicephala_melas,Globicephala_melas,Long-Finned_Pilot_Whale_014.wav,23,real,157.43475,16000,0,160000,130
Globicephala_melas,Globicephala_melas,Long-Finned_Pilot_Whale_014.wav,24,real,157.43475,16000,0,160000,131
Globicephala_melas,Globicephala_melas,Long-Finned_Pilot_Whale_014.wav,25,real,157.43475,16000,0,160000,132
Globicephala_melas,Globicephala_melas,Long-Finned_Pilot_Whale_014.wav,26,real,157.43475,16000,0,160000,133
Globicephala_melas,Globicephala_melas,Long-Finned_Pilot_Whale_014.wav,27,real,157.43475,16000,0,160000,134
Globicephala_melas,Globicephala_melas,Long-Finned_Pilot_Whale_014.wav,28,real,157.43475,16000,0,160000,135
Globicephala_melas,Globicephala_melas,Long-Finned_Pilot_Whale_014.wav,29,real,157.43475,16000,0,160000,136
Globicephala_melas,Globicephala_melas,Long-Finned_Pilot_Whale_014.wav,30,real,157.43475,16000,0,160000,137
Globicephala_melas,Globicephala_melas,Long-Finned_Pilot_Whale_014.wav,31,tail_extended,157.43475,16000,71360,77912,138
Globicephala_melas,Globicephala_melas,Long-Finned_Pilot_Whale_015.wav,0,real,206.079,16000,0,160000,139
Globicephala_melas,Globicephala_melas,Long-Finned_Pilot_Whale_015.wav,1,real,206.079,16000,0,160000,140
Globicephala_melas,Globicephala_melas,Long-Finned_Pilot_Whale_015.wav,2,real,206.079,16000,0,160000,141
Globicephala_melas,Globicephala_melas,Long-Finned_Pilot_Whale_015.wav,3,real,206.079,16000,0,160000,142
Globicephala_melas,Globicephala_melas,Long-Finned_Pilot_Whale_015.wav,4,real,206.079,16000,0,160000,143
Globicephala_melas,Globicephala_melas,Long-Finned_Pilot_Whale_015.wav,5,real,206.079,16000,0,160000,144
Globicephala_melas,Globicephala_melas,Long-Finned_Pilot_Whale_015.wav,6,real,206.079,16000,0,160000,145
Globicephala_melas,Globicephala_melas,Long-Finned_Pilot_Whale_015.wav,7,real,206.079,16000,0,160000,146
Globicephala_melas,Globicephala_melas,Long-Finned_Pilot_Whale_015.wav,8,real,206.079,16000,0,160000,147
Globicephala_melas,Globicephala_melas,Long-Finned_Pilot_Whale_015.wav,9,real,206.079,16000,0,160000,148
Globicephala_melas,Globicephala_melas,Long-Finned_Pilot_Whale_015.wav,10,real,206.079,16000,0,160000,149
Globicephala_melas,Globicephala_melas,Long-Finned_Pilot_Whale_015.wav,11,real,206.079,16000,0,160000,150
Globicephala_melas,Globicephala_melas,Long-Finned_Pilot_Whale_015.wav,12,real,206.079,16000,0,160000,151
Globicephala_melas,Globicephala_melas,Long-Finned_Pilot_Whale_015.wav,13,real,206.079,16000,0,160000,152
Globicephala_melas,Globicephala_melas,Long-Finned_Pilot_Whale_015.wav,14,real,206.079,16000,0,160000,153
Globicephala_melas,Globicephala_melas,Long-Finned_Pilot_Whale_015.wav,15,real,206.079,16000,0,160000,154
Globicephala_melas,Globicephala_melas,Long-Finned_Pilot_Whale_015.wav,16,real,206.079,16000,0,160000,155
Globicephala_melas,Globicephala_melas,Long-Finned_Pilot_Whale_015.wav,17,real,206.079,16000,0,160000,156
Globicephala_melas,Globicephala_melas,Long-Finned_Pilot_Whale_015.wav,18,real,206.079,16000,0,160000,157
Globicephala_melas,Globicephala_melas,Long-Finned_Pilot_Whale_015.wav,19,real,206.079,16000,0,160000,158
Globicephala_melas,Globicephala_melas,Long-Finned_Pilot_Whale_015.wav,20,real,206.079,16000,0,160000,159
Globicephala_melas,Globicephala_melas,Long-Finned_Pilot_Whale_015.wav,21,real,206.079,16000,0,160000,160
Globicephala_melas,Globicephala_melas,Long-Finned_Pilot_Whale_015.wav,22,real,206.079,16000,0,160000,161
Globicephala_melas,Globicephala_melas,Long-Finned_Pilot_Whale_015.wav,23,real,206.079,16000,0,160000,162
Globicephala_melas,Globicephala_melas,Long-Finned_Pilot_Whale_015.wav,24,real,206.079,16000,0,160000,163
Globicephala_melas,Globicephala_melas,Long-Finned_Pilot_Whale_015.wav,25,real,206.079,16000,0,160000,164
Globicephala_melas,Globicephala_melas,Long-Finned_Pilot_Whale_015.wav,26,real,206.079,16000,0,160000,165
Globicephala_melas,Globicephala_melas,Long-Finned_Pilot_Whale_015.wav,27,real,206.079,16000,0,160000,166
Globicephala_melas,Globicephala_melas,Long-Finned_Pilot_Whale_015.wav,28,real,206.079,16000,0,160000,167
Globicephala_melas,Globicephala_melas,Long-Finned_Pilot_Whale_015.wav,29,real,206.079,16000,0,160000,168
Globicephala_melas,Globicephala_melas,Long-Finned_Pilot_Whale_015.wav,30,real,206.079,16000,0,160000,169
Globicephala_melas,Globicephala_melas,Long-Finned_Pilot_Whale_015.wav,31,real,206.079,16000,0,160000,170
Globicephala_melas,Globicephala_melas,Long-Finned_Pilot_Whale_015.wav,32,real,206.079,16000,0,160000,171
Globicephala_melas,Globicephala_melas,Long-Finned_Pilot_Whale_015.wav,33,real,206.079,16000,0,160000,172
Globicephala_melas,Globicephala_melas,Long-Finned_Pilot_Whale_015.wav,34,real,206.079,16000,0,160000,173
Globicephala_melas,Globicephala_melas,Long-Finned_Pilot_Whale_015.wav,35,real,206.079,16000,0,160000,174
Globicephala_melas,Globicephala_melas,Long-Finned_Pilot_Whale_015.wav,36,real,206.079,16000,0,160000,175
Globicephala_melas,Globicephala_melas,Long-Finned_Pilot_Whale_015.wav,37,real,206.079,16000,0,160000,176
Globicephala_melas,Globicephala_melas,Long-Finned_Pilot_Whale_015.wav,38,real,206.079,16000,0,160000,177
Globicephala_melas,Globicephala_melas,Long-Finned_Pilot_Whale_015.wav,39,real,206.079,16000,0,160000,178
Globicephala_melas,Globicephala_melas,Long-Finned_Pilot_Whale_015.wav,40,real,206.079,16000,0,160000,179
Globicephala_melas,Globicephala_melas,Long-Finned_Pilot_Whale_015.wav,41,tail_extended,206.079,16000,44434,34528,180
Globicephala_melas,Globicephala_melas,Long-Finned_Pilot_Whale_016.wav,0,extended,2.856,16000,46507,91392,181
Globicephala_melas,Globicephala_melas,Long-Finned_Pilot_Whale_017.wav,0,extended,3.78,16000,35093,120960,182
Globicephala_melas,Globicephala_melas,Long-Finned_Pilot_Whale_018.wav,0,real,10.547,16000,0,160000,183
Globicephala_melas,Globicephala_melas,Long-Finned_Pilot_Whale_018.wav,1,real,10.547,16000,0,160000,184
Globicephala_melas,Globicephala_melas,Long-Finned_Pilot_Whale_019.wav,0,real,5.5999375,16000,0,160000,185
Globicephala_melas,Globicephala_melas,Long-Finned_Pilot_Whale_020.wav,0,real,111.630375,16000,0,160000,186
Globicephala_melas,Globicephala_melas,Long-Finned_Pilot_Whale_020.wav,1,real,111.630375,16000,0,160000,187
Globicephala_melas,Globicephala_melas,Long-Finned_Pilot_Whale_020.wav,2,real,111.630375,16000,0,160000,188
Globicephala_melas,Globicephala_melas,Long-Finned_Pilot_Whale_020.wav,3,real,111.630375,16000,0,160000,189
Globicephala_melas,Globicephala_melas,Long-Finned_Pilot_Whale_020.wav,4,real,111.630375,16000,0,160000,190
Globicephala_melas,Globicephala_melas,Long-Finned_Pilot_Whale_020.wav,5,real,111.630375,16000,0,160000,191
Globicephala_melas,Globicephala_melas,Long-Finned_Pilot_Whale_020.wav,6,real,111.630375,16000,0,160000,192
Globicephala_melas,Globicephala_melas,Long-Finned_Pilot_Whale_020.wav,7,real,111.630375,16000,0,160000,193
Globicephala_melas,Globicephala_melas,Long-Finned_Pilot_Whale_020.wav,8,real,111.630375,16000,0,160000,194
Globicephala_melas,Globicephala_melas,Long-Finned_Pilot_Whale_020.wav,9,real,111.630375,16000,0,160000,195
Globicephala_melas,Globicephala_melas,Long-Finned_Pilot_Whale_020.wav,10,real,111.630375,16000,0,160000,196
Globicephala_melas,Globicephala_melas,Long-Finned_Pilot_Whale_020.wav,11,real,111.630375,16000,0,160000,197
Globicephala_melas,Globicephala_melas,Long-Finned_Pilot_Whale_020.wav,12,real,111.630375,16000,0,160000,198
Globicephala_melas,Globicephala_melas,Long-Finned_Pilot_Whale_020.wav,13,real,111.630375,16000,0,160000,199
Globicephala_melas,Globicephala_melas,Long-Finned_Pilot_Whale_020.wav,14,real,111.630375,16000,0,160000,200
Globicephala_melas,Globicephala_melas,Long-Finned_Pilot_Whale_020.wav,15,real,111.630375,16000,0,160000,201
Globicephala_melas,Globicephala_melas,Long-Finned_Pilot_Whale_020.wav,16,real,111.630375,16000,0,160000,202
Globicephala_melas,Globicephala_melas,Long-Finned_Pilot_Whale_020.wav,17,real,111.630375,16000,0,160000,203
Globicephala_melas,Globicephala_melas,Long-Finned_Pilot_Whale_020.wav,18,real,111.630375,16000,0,160000,204
Globicephala_melas,Globicephala_melas,Long-Finned_Pilot_Whale_020.wav,19,real,111.630375,16000,0,160000,205
Globicephala_melas,Globicephala_melas,Long-Finned_Pilot_Whale_020.wav,20,real,111.630375,16000,0,160000,206
Globicephala_melas,Globicephala_melas,Long-Finned_Pilot_Whale_020.wav,21,real,111.630375,16000,0,160000,207
Globicephala_melas,Globicephala_melas,Long-Finned_Pilot_Whale_020.wav,22,tail_extended,111.630375,16000,71789,52172,208
Globicephala_melas,Globicephala_melas,Long-Finned_Pilot_Whale_021.wav,0,real,9.96,16000,0,160000,209
Globicephala_melas,Globicephala_melas,Long-Finned_Pilot_Whale_021.wav,1,tail_extended,9.96,16000,802,158720,210
Globicephala_melas,Globicephala_melas,Long-Finned_Pilot_Whale_022.wav,0,extended,4.812,16000,2253,153984,211
Globicephala_melas,Globicephala_melas,Long-Finned_Pilot_Whale_023.wav,0,real,5.0079375,16000,0,160000,212
Globicephala_melas,Globicephala_melas,Long-Finned_Pilot_Whale_024.wav,0,real,6.3409375,16000,0,160000,213
Globicephala_melas,Globicephala_melas,Long-Finned_Pilot_Whale_024.wav,1,tail_extended,6.3409375,16000,1058,42910,214
Globicephala_melas,Globicephala_melas,Long-Finned_Pilot_Whale_025.wav,0,real,10.249,16000,0,160000,215
Globicephala_melas,Globicephala_melas,Long-Finned_Pilot_Whale_025.wav,1,real,10.249,16000,0,160000,216
Globicephala_melas,Globicephala_melas,Long-Finned_Pilot_Whale_026.wav,0,real,17.45625,16000,0,160000,217
Globicephala_melas,Globicephala_melas,Long-Finned_Pilot_Whale_026.wav,1,real,17.45625,16000,0,160000,218
Globicephala_melas,Globicephala_melas,Long-Finned_Pilot_Whale_026.wav,2,real,17.45625,16000,0,160000,219
Globicephala_melas,Globicephala_melas,Long-Finned_Pilot_Whale_026.wav,3,tail_extended,17.45625,16000,67025,78600,220
Globicephala_melas,Globicephala_melas,Long-Finned_Pilot_Whale_027.wav,0,extended,4.596,16000,8844,147072,221
Globicephala_melas,Globicephala_melas,Long-Finned_Pilot_Whale_028.wav,0,extended,3.7975,16000,12735,121520,222
Globicephala_melas,Globicephala_melas,Long-Finned_Pilot_Whale_029.wav,0,real,9.951375,16000,0,160000,223
Globicephala_melas,Globicephala_melas,Long-Finned_Pilot_Whale_029.wav,1,tail_extended,9.951375,16000,550,158444,224
Globicephala_melas,Globicephala_melas,Long-Finned_Pilot_Whale_030.wav,0,extended,3.84,16000,14733,122880,225
Globicephala_melas,Globicephala_melas,Long-Finned_Pilot_Whale_031.wav,0,real,5.445,16000,0,160000,226
Globicephala_melas,Globicephala_melas,Long-Finned_Pilot_Whale_032.wav,0,extended,3.2319375,16000,54161,103422,227
Globicephala_melas,Globicephala_melas,Long-Finned_Pilot_Whale_033.wav,0,extended,4.5195,16000,1160,144624,228
Globicephala_melas,Globicephala_melas,Long-Finned_Pilot_Whale_034.wav,0,extended,4.596,16000,2501,147072,229
Globicephala_melas,Globicephala_melas,Long-Finned_Pilot_Whale_035.wav,0,extended,1.42,16000,113401,45440,230
Globicephala_melas,Globicephala_melas,Long-Finned_Pilot_Whale_036.wav,0,real,6.804,16000,0,160000,231
Globicephala_melas,Globicephala_melas,Long-Finned_Pilot_Whale_036.wav,1,tail_extended,6.804,16000,71569,57728,232
Globicephala_melas,Globicephala_melas,Long-Finned_Pilot_Whale_037.wav,0,real,5.328,16000,0,160000,233
Globicephala_melas,Globicephala_melas,Long-Finned_Pilot_Whale_038.wav,0,real,23.7405,16000,0,160000,234
Globicephala_melas,Globicephala_melas,Long-Finned_Pilot_Whale_038.wav,1,real,23.7405,16000,0,160000,235
Globicephala_melas,Globicephala_melas,Long-Finned_Pilot_Whale_038.wav,2,real,23.7405,16000,0,160000,236
Globicephala_melas,Globicephala_melas,Long-Finned_Pilot_Whale_038.wav,3,real,23.7405,16000,0,160000,237
Globicephala_melas,Globicephala_melas,Long-Finned_Pilot_Whale_038.wav,4,tail_extended,23.7405,16000,1319,119696,238
Globicephala_melas,Globicephala_melas,Long-Finned_Pilot_Whale_039.wav,0,real,5.688,16000,0,160000,239
Globicephala_melas,Globicephala_melas,Long-Finned_Pilot_Whale_040.wav,0,real,10.175,16000,0,160000,240
Globicephala_melas,Globicephala_melas,Long-Finned_Pilot_Whale_040.wav,1,real,10.175,16000,0,160000,241
Globicephala_melas,Globicephala_melas,Long-Finned_Pilot_Whale_041.wav,0,real,8.547,16000,0,160000,242
Globicephala_melas,Globicephala_melas,Long-Finned_Pilot_Whale_041.wav,1,tail_extended,8.547,16000,34851,113504,243
Globicephala_melas,Globicephala_melas,Long-Finned_Pilot_Whale_042.wav,0,real,12.888,16000,0,160000,244
Globicephala_melas,Globicephala_melas,Long-Finned_Pilot_Whale_042.wav,1,real,12.888,16000,0,160000,245
Globicephala_melas,Globicephala_melas,Long-Finned_Pilot_Whale_042.wav,2,tail_extended,12.888,16000,31535,92416,246
Globicephala_melas,Globicephala_melas,Long-Finned_Pilot_Whale_043.wav,0,real,265.054125,16000,0,160000,247
Globicephala_melas,Globicephala_melas,Long-Finned_Pilot_Whale_043.wav,1,real,265.054125,16000,0,160000,248
Globicephala_melas,Globicephala_melas,Long-Finned_Pilot_Whale_043.wav,2,real,265.054125,16000,0,160000,249
Globicephala_melas,Globicephala_melas,Long-Finned_Pilot_Whale_043.wav,3,real,265.054125,16000,0,160000,250
Globicephala_melas,Globicephala_melas,Long-Finned_Pilot_Whale_043.wav,4,real,265.054125,16000,0,160000,251
Globicephala_melas,Globicephala_melas,Long-Finned_Pilot_Whale_043.wav,5,real,265.054125,16000,0,160000,252
Globicephala_melas,Globicephala_melas,Long-Finned_Pilot_Whale_043.wav,6,real,265.054125,16000,0,160000,253
Globicephala_melas,Globicephala_melas,Long-Finned_Pilot_Whale_043.wav,7,real,265.054125,16000,0,160000,254
Globicephala_melas,Globicephala_melas,Long-Finned_Pilot_Whale_043.wav,8,real,265.054125,16000,0,160000,255
Globicephala_melas,Globicephala_melas,Long-Finned_Pilot_Whale_043.wav,9,real,265.054125,16000,0,160000,256
Globicephala_melas,Globicephala_melas,Long-Finned_Pilot_Whale_043.wav,10,real,265.054125,16000,0,160000,257
Globicephala_melas,Globicephala_melas,Long-Finned_Pilot_Whale_043.wav,11,real,265.054125,16000,0,160000,258
Globicephala_melas,Globicephala_melas,Long-Finned_Pilot_Whale_043.wav,12,real,265.054125,16000,0,160000,259
Globicephala_melas,Globicephala_melas,Long-Finned_Pilot_Whale_043.wav,13,real,265.054125,16000,0,160000,260
Globicephala_melas,Globicephala_melas,Long-Finned_Pilot_Whale_043.wav,14,real,265.054125,16000,0,160000,261
Globicephala_melas,Globicephala_melas,Long-Finned_Pilot_Whale_043.wav,15,real,265.054125,16000,0,160000,262
Globicephala_melas,Globicephala_melas,Long-Finned_Pilot_Whale_043.wav,16,real,265.054125,16000,0,160000,263
Globicephala_melas,Globicephala_melas,Long-Finned_Pilot_Whale_043.wav,17,real,265.054125,16000,0,160000,264
Globicephala_melas,Globicephala_melas,Long-Finned_Pilot_Whale_043.wav,18,real,265.054125,16000,0,160000,265
Globicephala_melas,Globicephala_melas,Long-Finned_Pilot_Whale_043.wav,19,real,265.054125,16000,0,160000,266
Globicephala_melas,Globicephala_melas,Long-Finned_Pilot_Whale_043.wav,20,real,265.054125,16000,0,160000,267
Globicephala_melas,Globicephala_melas,Long-Finned_Pilot_Whale_043.wav,21,real,265.054125,16000,0,160000,268
Globicephala_melas,Globicephala_melas,Long-Finned_Pilot_Whale_043.wav,22,real,265.054125,16000,0,160000,269
Globicephala_melas,Globicephala_melas,Long-Finned_Pilot_Whale_043.wav,23,real,265.054125,16000,0,160000,270
Globicephala_melas,Globicephala_melas,Long-Finned_Pilot_Whale_043.wav,24,real,265.054125,16000,0,160000,271
Globicephala_melas,Globicephala_melas,Long-Finned_Pilot_Whale_043.wav,25,real,265.054125,16000,0,160000,272
Globicephala_melas,Globicephala_melas,Long-Finned_Pilot_Whale_043.wav,26,real,265.054125,16000,0,160000,273
Globicephala_melas,Globicephala_melas,Long-Finned_Pilot_Whale_043.wav,27,real,265.054125,16000,0,160000,274
Globicephala_melas,Globicephala_melas,Long-Finned_Pilot_Whale_043.wav,28,real,265.054125,16000,0,160000,275
Globicephala_melas,Globicephala_melas,Long-Finned_Pilot_Whale_043.wav,29,real,265.054125,16000,0,160000,276
Globicephala_melas,Globicephala_melas,Long-Finned_Pilot_Whale_043.wav,30,real,265.054125,16000,0,160000,277
Globicephala_melas,Globicephala_melas,Long-Finned_Pilot_Whale_043.wav,31,real,265.054125,16000,0,160000,278
Globicephala_melas,Globicephala_melas,Long-Finned_Pilot_Whale_043.wav,32,real,265.054125,16000,0,160000,279
Globicephala_melas,Globicephala_melas,Long-Finned_Pilot_Whale_043.wav,33,real,265.054125,16000,0,160000,280
Globicephala_melas,Globicephala_melas,Long-Finned_Pilot_Whale_043.wav,34,real,265.054125,16000,0,160000,281
Globicephala_melas,Globicephala_melas,Long-Finned_Pilot_Whale_043.wav,35,real,265.054125,16000,0,160000,282
Globicephala_melas,Globicephala_melas,Long-Finned_Pilot_Whale_043.wav,36,real,265.054125,16000,0,160000,283
Globicephala_melas,Globicephala_melas,Long-Finned_Pilot_Whale_043.wav,37,real,265.054125,16000,0,160000,284
Globicephala_melas,Globicephala_melas,Long-Finned_Pilot_Whale_043.wav,38,real,265.054125,16000,0,160000,285
Globicephala_melas,Globicephala_melas,Long-Finned_Pilot_Whale_043.wav,39,real,265.054125,16000,0,160000,286
Globicephala_melas,Globicephala_melas,Long-Finned_Pilot_Whale_043.wav,40,real,265.054125,16000,0,160000,287
Globicephala_melas,Globicephala_melas,Long-Finned_Pilot_Whale_043.wav,41,real,265.054125,16000,0,160000,288
Globicephala_melas,Globicephala_melas,Long-Finned_Pilot_Whale_043.wav,42,real,265.054125,16000,0,160000,289
Globicephala_melas,Globicephala_melas,Long-Finned_Pilot_Whale_043.wav,43,real,265.054125,16000,0,160000,290
Globicephala_melas,Globicephala_melas,Long-Finned_Pilot_Whale_043.wav,44,real,265.054125,16000,0,160000,291
Globicephala_melas,Globicephala_melas,Long-Finned_Pilot_Whale_043.wav,45,real,265.054125,16000,0,160000,292
Globicephala_melas,Globicephala_melas,Long-Finned_Pilot_Whale_043.wav,46,real,265.054125,16000,0,160000,293
Globicephala_melas,Globicephala_melas,Long-Finned_Pilot_Whale_043.wav,47,real,265.054125,16000,0,160000,294
Globicephala_melas,Globicephala_melas,Long-Finned_Pilot_Whale_043.wav,48,real,265.054125,16000,0,160000,295
Globicephala_melas,Globicephala_melas,Long-Finned_Pilot_Whale_043.wav,49,real,265.054125,16000,0,160000,296
Globicephala_melas,Globicephala_melas,Long-Finned_Pilot_Whale_043.wav,50,real,265.054125,16000,0,160000,297
Globicephala_melas,Globicephala_melas,Long-Finned_Pilot_Whale_043.wav,51,real,265.054125,16000,0,160000,298
Globicephala_melas,Globicephala_melas,Long-Finned_Pilot_Whale_043.wav,52,real,265.054125,16000,0,160000,299
Globicephala_melas,Globicephala_melas,Long-Finned_Pilot_Whale_044.wav,0,real,160.7770625,16000,0,160000,300
Globicephala_melas,Globicephala_melas,Long-Finned_Pilot_Whale_044.wav,1,real,160.7770625,16000,0,160000,301
Globicephala_melas,Globicephala_melas,Long-Finned_Pilot_Whale_044.wav,2,real,160.7770625,16000,0,160000,302
Globicephala_melas,Globicephala_melas,Long-Finned_Pilot_Whale_044.wav,3,real,160.7770625,16000,0,160000,303
Globicephala_melas,Globicephala_melas,Long-Finned_Pilot_Whale_044.wav,4,real,160.7770625,16000,0,160000,304
Globicephala_melas,Globicephala_melas,Long-Finned_Pilot_Whale_044.wav,5,real,160.7770625,16000,0,160000,305
Globicephala_melas,Globicephala_melas,Long-Finned_Pilot_Whale_044.wav,6,real,160.7770625,16000,0,160000,306
Globicephala_melas,Globicephala_melas,Long-Finned_Pilot_Whale_044.wav,7,real,160.7770625,16000,0,160000,307
Globicephala_melas,Globicephala_melas,Long-Finned_Pilot_Whale_044.wav,8,real,160.7770625,16000,0,160000,308
Globicephala_melas,Globicephala_melas,Long-Finned_Pilot_Whale_044.wav,9,real,160.7770625,16000,0,160000,309
Globicephala_melas,Globicephala_melas,Long-Finned_Pilot_Whale_044.wav,10,real,160.7770625,16000,0,160000,310
Globicephala_melas,Globicephala_melas,Long-Finned_Pilot_Whale_044.wav,11,real,160.7770625,16000,0,160000,311
Globicephala_melas,Globicephala_melas,Long-Finned_Pilot_Whale_044.wav,12,real,160.7770625,16000,0,160000,312
Globicephala_melas,Globicephala_melas,Long-Finned_Pilot_Whale_044.wav,13,real,160.7770625,16000,0,160000,313
Globicephala_melas,Globicephala_melas,Long-Finned_Pilot_Whale_044.wav,14,real,160.7770625,16000,0,160000,314
Globicephala_melas,Globicephala_melas,Long-Finned_Pilot_Whale_044.wav,15,real,160.7770625,16000,0,160000,315
Globicephala_melas,Globicephala_melas,Long-Finned_Pilot_Whale_044.wav,16,real,160.7770625,16000,0,160000,316
Globicephala_melas,Globicephala_melas,Long-Finned_Pilot_Whale_044.wav,17,real,160.7770625,16000,0,160000,317
Globicephala_melas,Globicephala_melas,Long-Finned_Pilot_Whale_044.wav,18,real,160.7770625,16000,0,160000,318
Globicephala_melas,Globicephala_melas,Long-Finned_Pilot_Whale_044.wav,19,real,160.7770625,16000,0,160000,319
Globicephala_melas,Globicephala_melas,Long-Finned_Pilot_Whale_044.wav,20,real,160.7770625,16000,0,160000,320
Globicephala_melas,Globicephala_melas,Long-Finned_Pilot_Whale_044.wav,21,real,160.7770625,16000,0,160000,321
Globicephala_melas,Globicephala_melas,Long-Finned_Pilot_Whale_044.wav,22,real,160.7770625,16000,0,160000,322
Globicephala_melas,Globicephala_melas,Long-Finned_Pilot_Whale_044.wav,23,real,160.7770625,16000,0,160000,323
Globicephala_melas,Globicephala_melas,Long-Finned_Pilot_Whale_044.wav,24,real,160.7770625,16000,0,160000,324
Globicephala_melas,Globicephala_melas,Long-Finned_Pilot_Whale_044.wav,25,real,160.7770625,16000,0,160000,325
Globicephala_melas,Globicephala_melas,Long-Finned_Pilot_Whale_044.wav,26,real,160.7770625,16000,0,160000,326
Globicephala_melas,Globicephala_melas,Long-Finned_Pilot_Whale_044.wav,27,real,160.7770625,16000,0,160000,327
Globicephala_melas,Globicephala_melas,Long-Finned_Pilot_Whale_044.wav,28,real,160.7770625,16000,0,160000,328
Globicephala_melas,Globicephala_melas,Long-Finned_Pilot_Whale_044.wav,29,real,160.7770625,16000,0,160000,329
Globicephala_melas,Globicephala_melas,Long-Finned_Pilot_Whale_044.wav,30,real,160.7770625,16000,0,160000,330
Globicephala_melas,Globicephala_melas,Long-Finned_Pilot_Whale_044.wav,31,real,160.7770625,16000,0,160000,331
Globicephala_melas,Globicephala_melas,Long-Finned_Pilot_Whale_045.wav,0,real,8.1121875,16000,0,160000,332
Globicephala_melas,Globicephala_melas,Long-Finned_Pilot_Whale_045.wav,1,tail_extended,8.1121875,16000,6353,99590,333
Globicephala_melas,Globicephala_melas,Long-Finned_Pilot_Whale_047.wav,0,real,199.2068125,16000,0,160000,334
Globicephala_melas,Globicephala_melas,Long-Finned_Pilot_Whale_047.wav,1,real,199.2068125,16000,0,160000,335
Globicephala_melas,Globicephala_melas,Long-Finned_Pilot_Whale_047.wav,2,real,199.2068125,16000,0,160000,336
Globicephala_melas,Globicephala_melas,Long-Finned_Pilot_Whale_047.wav,3,real,199.2068125,16000,0,160000,337
Globicephala_melas,Globicephala_melas,Long-Finned_Pilot_Whale_047.wav,4,real,199.2068125,16000,0,160000,338
Globicephala_melas,Globicephala_melas,Long-Finned_Pilot_Whale_047.wav,5,real,199.2068125,16000,0,160000,339
Globicephala_melas,Globicephala_melas,Long-Finned_Pilot_Whale_047.wav,6,real,199.2068125,16000,0,160000,340
Globicephala_melas,Globicephala_melas,Long-Finned_Pilot_Whale_047.wav,7,real,199.2068125,16000,0,160000,341
Globicephala_melas,Globicephala_melas,Long-Finned_Pilot_Whale_047.wav,8,real,199.2068125,16000,0,160000,342
Globicephala_melas,Globicephala_melas,Long-Finned_Pilot_Whale_047.wav,9,real,199.2068125,16000,0,160000,343
Globicephala_melas,Globicephala_melas,Long-Finned_Pilot_Whale_047.wav,10,real,199.2068125,16000,0,160000,344
Globicephala_melas,Globicephala_melas,Long-Finned_Pilot_Whale_047.wav,11,real,199.2068125,16000,0,160000,345
Globicephala_melas,Globicephala_melas,Long-Finned_Pilot_Whale_047.wav,12,real,199.2068125,16000,0,160000,346
Globicephala_melas,Globicephala_melas,Long-Finned_Pilot_Whale_047.wav,13,real,199.2068125,16000,0,160000,347
Globicephala_melas,Globicephala_melas,Long-Finned_Pilot_Whale_047.wav,14,real,199.2068125,16000,0,160000,348
Globicephala_melas,Globicephala_melas,Long-Finned_Pilot_Whale_047.wav,15,real,199.2068125,16000,0,160000,349
Globicephala_melas,Globicephala_melas,Long-Finned_Pilot_Whale_047.wav,16,real,199.2068125,16000,0,160000,350
Globicephala_melas,Globicephala_melas,Long-Finned_Pilot_Whale_047.wav,17,real,199.2068125,16000,0,160000,351
Globicephala_melas,Globicephala_melas,Long-Finned_Pilot_Whale_047.wav,18,real,199.2068125,16000,0,160000,352
Globicephala_melas,Globicephala_melas,Long-Finned_Pilot_Whale_047.wav,19,real,199.2068125,16000,0,160000,353
Globicephala_melas,Globicephala_melas,Long-Finned_Pilot_Whale_047.wav,20,real,199.2068125,16000,0,160000,354
Globicephala_melas,Globicephala_melas,Long-Finned_Pilot_Whale_047.wav,21,real,199.2068125,16000,0,160000,355
Globicephala_melas,Globicephala_melas,Long-Finned_Pilot_Whale_047.wav,22,real,199.2068125,16000,0,160000,356
Globicephala_melas,Globicephala_melas,Long-Finned_Pilot_Whale_047.wav,23,real,199.2068125,16000,0,160000,357
Globicephala_melas,Globicephala_melas,Long-Finned_Pilot_Whale_047.wav,24,real,199.2068125,16000,0,160000,358
Globicephala_melas,Globicephala_melas,Long-Finned_Pilot_Whale_047.wav,25,real,199.2068125,16000,0,160000,359
Globicephala_melas,Globicephala_melas,Long-Finned_Pilot_Whale_047.wav,26,real,199.2068125,16000,0,160000,360
Globicephala_melas,Globicephala_melas,Long-Finned_Pilot_Whale_047.wav,27,real,199.2068125,16000,0,160000,361
Globicephala_melas,Globicephala_melas,Long-Finned_Pilot_Whale_047.wav,28,real,199.2068125,16000,0,160000,362
Globicephala_melas,Globicephala_melas,Long-Finned_Pilot_Whale_047.wav,29,real,199.2068125,16000,0,160000,363
Globicephala_melas,Globicephala_melas,Long-Finned_Pilot_Whale_047.wav,30,real,199.2068125,16000,0,160000,364
Globicephala_melas,Globicephala_melas,Long-Finned_Pilot_Whale_047.wav,31,real,199.2068125,16000,0,160000,365
Globicephala_melas,Globicephala_melas,Long-Finned_Pilot_Whale_047.wav,32,real,199.2068125,16000,0,160000,366
Globicephala_melas,Globicephala_melas,Long-Finned_Pilot_Whale_047.wav,33,real,199.2068125,16000,0,160000,367
Globicephala_melas,Globicephala_melas,Long-Finned_Pilot_Whale_047.wav,34,real,199.2068125,16000,0,160000,368
Globicephala_melas,Globicephala_melas,Long-Finned_Pilot_Whale_047.wav,35,real,199.2068125,16000,0,160000,369
Globicephala_melas,Globicephala_melas,Long-Finned_Pilot_Whale_047.wav,36,real,199.2068125,16000,0,160000,370
Globicephala_melas,Globicephala_melas,Long-Finned_Pilot_Whale_047.wav,37,real,199.2068125,16000,0,160000,371
Globicephala_melas,Globicephala_melas,Long-Finned_Pilot_Whale_047.wav,38,real,199.2068125,16000,0,160000,372
Globicephala_melas,Globicephala_melas,Long-Finned_Pilot_Whale_047.wav,39,tail_extended,199.2068125,16000,24035,134618,373
Globicephala_melas,Globicephala_melas,Long-Finned_Pilot_Whale_048.wav,0,real,5.1359375,16000,0,160000,374
Globicephala_melas,Globicephala_melas,Long-Finned_Pilot_Whale_049.wav,0,real,10.839375,16000,0,160000,375
Globicephala_melas,Globicephala_melas,Long-Finned_Pilot_Whale_049.wav,1,real,10.839375,16000,0,160000,376
Globicephala_melas,Globicephala_melas,Long-Finned_Pilot_Whale_050.wav,0,real,6.919,16000,0,160000,377
Globicephala_melas,Globicephala_melas,Long-Finned_Pilot_Whale_050.wav,1,tail_extended,6.919,16000,33156,61408,378
Globicephala_melas,Globicephala_melas,Long-Finned_Pilot_Whale_051.wav,0,real,7.0694375,16000,0,160000,379
Globicephala_melas,Globicephala_melas,Long-Finned_Pilot_Whale_051.wav,1,tail_extended,7.0694375,16000,56669,66222,380
Globicephala_melas,Globicephala_melas,Long-Finned_Pilot_Whale_052.wav,0,real,6.8728125,16000,0,160000,381
Globicephala_melas,Globicephala_melas,Long-Finned_Pilot_Whale_052.wav,1,tail_extended,6.8728125,16000,60508,59930,382
Globicephala_melas,Globicephala_melas,Long-Finned_Pilot_Whale_053.wav,0,real,7.4,16000,0,160000,383
Globicephala_melas,Globicephala_melas,Long-Finned_Pilot_Whale_053.wav,1,tail_extended,7.4,16000,78727,76800,384
Globicephala_melas,Globicephala_melas,Long-Finned_Pilot_Whale_054.wav,0,real,248.424,16000,0,160000,385
Globicephala_melas,Globicephala_melas,Long-Finned_Pilot_Whale_054.wav,1,real,248.424,16000,0,160000,386
Globicephala_melas,Globicephala_melas,Long-Finned_Pilot_Whale_054.wav,2,real,248.424,16000,0,160000,387
Globicephala_melas,Globicephala_melas,Long-Finned_Pilot_Whale_054.wav,3,real,248.424,16000,0,160000,388
Globicephala_melas,Globicephala_melas,Long-Finned_Pilot_Whale_054.wav,4,real,248.424,16000,0,160000,389
Globicephala_melas,Globicephala_melas,Long-Finned_Pilot_Whale_054.wav,5,real,248.424,16000,0,160000,390
Globicephala_melas,Globicephala_melas,Long-Finned_Pilot_Whale_054.wav,6,real,248.424,16000,0,160000,391
Globicephala_melas,Globicephala_melas,Long-Finned_Pilot_Whale_054.wav,7,real,248.424,16000,0,160000,392
Globicephala_melas,Globicephala_melas,Long-Finned_Pilot_Whale_054.wav,8,real,248.424,16000,0,160000,393
Globicephala_melas,Globicephala_melas,Long-Finned_Pilot_Whale_054.wav,9,real,248.424,16000,0,160000,394
Globicephala_melas,Globicephala_melas,Long-Finned_Pilot_Whale_054.wav,10,real,248.424,16000,0,160000,395
Globicephala_melas,Globicephala_melas,Long-Finned_Pilot_Whale_054.wav,11,real,248.424,16000,0,160000,396
Globicephala_melas,Globicephala_melas,Long-Finned_Pilot_Whale_054.wav,12,real,248.424,16000,0,160000,397
Globicephala_melas,Globicephala_melas,Long-Finned_Pilot_Whale_054.wav,13,real,248.424,16000,0,160000,398
Globicephala_melas,Globicephala_melas,Long-Finned_Pilot_Whale_054.wav,14,real,248.424,16000,0,160000,399
Globicephala_melas,Globicephala_melas,Long-Finned_Pilot_Whale_054.wav,15,real,248.424,16000,0,160000,400
Globicephala_melas,Globicephala_melas,Long-Finned_Pilot_Whale_054.wav,16,real,248.424,16000,0,160000,401
Globicephala_melas,Globicephala_melas,Long-Finned_Pilot_Whale_054.wav,17,real,248.424,16000,0,160000,402
Globicephala_melas,Globicephala_melas,Long-Finned_Pilot_Whale_054.wav,18,real,248.424,16000,0,160000,403
Globicephala_melas,Globicephala_melas,Long-Finned_Pilot_Whale_054.wav,19,real,248.424,16000,0,160000,404
Globicephala_melas,Globicephala_melas,Long-Finned_Pilot_Whale_054.wav,20,real,248.424,16000,0,160000,405
Globicephala_melas,Globicephala_melas,Long-Finned_Pilot_Whale_054.wav,21,real,248.424,16000,0,160000,406
Globicephala_melas,Globicephala_melas,Long-Finned_Pilot_Whale_054.wav,22,real,248.424,16000,0,160000,407
Globicephala_melas,Globicephala_melas,Long-Finned_Pilot_Whale_054.wav,23,real,248.424,16000,0,160000,408
Globicephala_melas,Globicephala_melas,Long-Finned_Pilot_Whale_054.wav,24,real,248.424,16000,0,160000,409
Globicephala_melas,Globicephala_melas,Long-Finned_Pilot_Whale_054.wav,25,real,248.424,16000,0,160000,410
Globicephala_melas,Globicephala_melas,Long-Finned_Pilot_Whale_054.wav,26,real,248.424,16000,0,160000,411
Globicephala_melas,Globicephala_melas,Long-Finned_Pilot_Whale_054.wav,27,real,248.424,16000,0,160000,412
Globicephala_melas,Globicephala_melas,Long-Finned_Pilot_Whale_054.wav,28,real,248.424,16000,0,160000,413
Globicephala_melas,Globicephala_melas,Long-Finned_Pilot_Whale_054.wav,29,real,248.424,16000,0,160000,414
Globicephala_melas,Globicephala_melas,Long-Finned_Pilot_Whale_054.wav,30,real,248.424,16000,0,160000,415
Globicephala_melas,Globicephala_melas,Long-Finned_Pilot_Whale_054.wav,31,real,248.424,16000,0,160000,416
Globicephala_melas,Globicephala_melas,Long-Finned_Pilot_Whale_054.wav,32,real,248.424,16000,0,160000,417
Globicephala_melas,Globicephala_melas,Long-Finned_Pilot_Whale_054.wav,33,real,248.424,16000,0,160000,418
Globicephala_melas,Globicephala_melas,Long-Finned_Pilot_Whale_054.wav,34,real,248.424,16000,0,160000,419
Globicephala_melas,Globicephala_melas,Long-Finned_Pilot_Whale_054.wav,35,real,248.424,16000,0,160000,420
Globicephala_melas,Globicephala_melas,Long-Finned_Pilot_Whale_054.wav,36,real,248.424,16000,0,160000,421
Globicephala_melas,Globicephala_melas,Long-Finned_Pilot_Whale_054.wav,37,real,248.424,16000,0,160000,422
Globicephala_melas,Globicephala_melas,Long-Finned_Pilot_Whale_054.wav,38,real,248.424,16000,0,160000,423
Globicephala_melas,Globicephala_melas,Long-Finned_Pilot_Whale_054.wav,39,real,248.424,16000,0,160000,424
Globicephala_melas,Globicephala_melas,Long-Finned_Pilot_Whale_054.wav,40,real,248.424,16000,0,160000,425
Globicephala_melas,Globicephala_melas,Long-Finned_Pilot_Whale_054.wav,41,real,248.424,16000,0,160000,426
Globicephala_melas,Globicephala_melas,Long-Finned_Pilot_Whale_054.wav,42,real,248.424,16000,0,160000,427
Globicephala_melas,Globicephala_melas,Long-Finned_Pilot_Whale_054.wav,43,real,248.424,16000,0,160000,428
Globicephala_melas,Globicephala_melas,Long-Finned_Pilot_Whale_054.wav,44,real,248.424,16000,0,160000,429
Globicephala_melas,Globicephala_melas,Long-Finned_Pilot_Whale_054.wav,45,real,248.424,16000,0,160000,430
Globicephala_melas,Globicephala_melas,Long-Finned_Pilot_Whale_054.wav,46,real,248.424,16000,0,160000,431
Globicephala_melas,Globicephala_melas,Long-Finned_Pilot_Whale_054.wav,47,real,248.424,16000,0,160000,432
Globicephala_melas,Globicephala_melas,Long-Finned_Pilot_Whale_054.wav,48,real,248.424,16000,0,160000,433
Globicephala_melas,Globicephala_melas,Long-Finned_Pilot_Whale_054.wav,49,tail_extended,248.424,16000,40262,109568,434
Globicephala_melas,Globicephala_melas,Long-Finned_Pilot_Whale_055.wav,0,extended,2.34,16000,31734,74880,435
Globicephala_melas,Globicephala_melas,Long-Finned_Pilot_Whale_056.wav,0,real,11.481,16000,0,160000,436
Globicephala_melas,Globicephala_melas,Long-Finned_Pilot_Whale_056.wav,1,real,11.481,16000,0,160000,437
Globicephala_melas,Globicephala_melas,Long-Finned_Pilot_Whale_056.wav,2,tail_extended,11.481,16000,34076,47392,438
Grampus_griseus,Grampus_griseus,Grampus_Rissos_Dolphin_001.wav,0,extended,3.9995625,16000,10599,127986,439
Grampus_griseus,Grampus_griseus,Grampus_Rissos_Dolphin_002.wav,0,extended,2.3359375,16000,54875,74750,440
Grampus_griseus,Grampus_griseus,Grampus_Rissos_Dolphin_003.wav,0,real,12.2620625,16000,0,160000,441
Grampus_griseus,Grampus_griseus,Grampus_Rissos_Dolphin_003.wav,1,real,12.2620625,16000,0,160000,442
Grampus_griseus,Grampus_griseus,Grampus_Rissos_Dolphin_003.wav,2,tail_extended,12.2620625,16000,2072,72386,443
Grampus_griseus,Grampus_griseus,Grampus_Rissos_Dolphin_004.wav,0,extended,1.2705,16000,33222,40656,444
Grampus_griseus,Grampus_griseus,Grampus_Rissos_Dolphin_005.wav,0,extended,1.968,16000,4227,62976,445
Grampus_griseus,Grampus_griseus,Grampus_Rissos_Dolphin_006.wav,0,real,5.976,16000,0,160000,446
Grampus_griseus,Grampus_griseus,Grampus_Rissos_Dolphin_007.wav,0,real,12.5439375,16000,0,160000,447
Grampus_griseus,Grampus_griseus,Grampus_Rissos_Dolphin_007.wav,1,real,12.5439375,16000,0,160000,448
Grampus_griseus,Grampus_griseus,Grampus_Rissos_Dolphin_007.wav,2,tail_extended,12.5439375,16000,2503,81406,449
Grampus_griseus,Grampus_griseus,Grampus_Rissos_Dolphin_008.wav,0,extended,4.92,16000,2279,157440,450
Grampus_griseus,Grampus_griseus,Grampus_Rissos_Dolphin_009.wav,0,real,6.0651875,16000,0,160000,451
Grampus_griseus,Grampus_griseus,Grampus_Rissos_Dolphin_009.wav,1,tail_extended,6.0651875,16000,68068,34086,452
Grampus_griseus,Grampus_griseus,Grampus_Rissos_Dolphin_010.wav,0,extended,3.12,16000,46073,99840,453
Grampus_griseus,Grampus_griseus,Grampus_Rissos_Dolphin_011.wav,0,extended,1.716,16000,94831,54912,454
Grampus_griseus,Grampus_griseus,Grampus_Rissos_Dolphin_012.wav,0,extended,4.836,16000,3944,154752,455
Grampus_griseus,Grampus_griseus,Grampus_Rissos_Dolphin_013.wav,0,extended,4.836,16000,4049,154752,456
Grampus_griseus,Grampus_griseus,Grampus_Rissos_Dolphin_014.wav,0,extended,3.4719375,16000,4411,111102,457
Grampus_griseus,Grampus_griseus,Grampus_Rissos_Dolphin_015.wav,0,extended,2.0411875,16000,31128,65318,458
Grampus_griseus,Grampus_griseus,Grampus_Rissos_Dolphin_016.wav,0,extended,1.956,16000,77879,62592,459
Grampus_griseus,Grampus_griseus,Grampus_Rissos_Dolphin_017.wav,0,extended,4.703875,16000,9049,150524,460
Grampus_griseus,Grampus_griseus,Grampus_Rissos_Dolphin_018.wav,0,extended,2.8639375,16000,34187,91646,461
Grampus_griseus,Grampus_griseus,Grampus_Rissos_Dolphin_019.wav,0,extended,1.932,16000,16872,61824,462
Grampus_griseus,Grampus_griseus,Grampus_Rissos_Dolphin_020.wav,0,extended,1.776,16000,39918,56832,463
Grampus_griseus,Grampus_griseus,Grampus_Rissos_Dolphin_021.wav,0,extended,3.01675,16000,6876,96536,464
Grampus_griseus,Grampus_griseus,Grampus_Rissos_Dolphin_022.wav,0,extended,2.08125,16000,6413,66600,465
Grampus_griseus,Grampus_griseus,Grampus_Rissos_Dolphin_023.wav,0,extended,2.3999375,16000,13221,76798,466
Grampus_griseus,Grampus_griseus,Grampus_Rissos_Dolphin_024.wav,0,real,12.2620625,16000,0,160000,467
Grampus_griseus,Grampus_griseus,Grampus_Rissos_Dolphin_024.wav,1,real,12.2620625,16000,0,160000,468
Grampus_griseus,Grampus_griseus,Grampus_Rissos_Dolphin_024.wav,2,tail_extended,12.2620625,16000,68558,72386,469
Grampus_griseus,Grampus_griseus,Grampus_Rissos_Dolphin_025.wav,0,real,13.3759375,16000,0,160000,470
Grampus_griseus,Grampus_griseus,Grampus_Rissos_Dolphin_025.wav,1,real,13.3759375,16000,0,160000,471
Grampus_griseus,Grampus_griseus,Grampus_Rissos_Dolphin_025.wav,2,tail_extended,13.3759375,16000,51198,108030,472
Grampus_griseus,Grampus_griseus,Grampus_Rissos_Dolphin_026.wav,0,real,5.5679375,16000,0,160000,473
Grampus_griseus,Grampus_griseus,Grampus_Rissos_Dolphin_027.wav,0,real,9.57675,16000,0,160000,474
Grampus_griseus,Grampus_griseus,Grampus_Rissos_Dolphin_027.wav,1,tail_extended,9.57675,16000,3594,146456,475
Grampus_griseus,Grampus_griseus,Grampus_Rissos_Dolphin_028.wav,0,extended,2.9439375,16000,15103,94206,476
Grampus_griseus,Grampus_griseus,Grampus_Rissos_Dolphin_029.wav,0,extended,1.6799375,16000,40297,53758,477
Grampus_griseus,Grampus_griseus,Grampus_Rissos_Dolphin_030.wav,0,extended,1.968,16000,39842,62976,478
Grampus_griseus,Grampus_griseus,Grampus_Rissos_Dolphin_031.wav,0,extended,1.824,16000,1677,58368,479
Grampus_griseus,Grampus_griseus,Grampus_Rissos_Dolphin_032.wav,0,extended,2.352,16000,71857,75264,480
Grampus_griseus,Grampus_griseus,Grampus_Rissos_Dolphin_033.wav,0,real,6.7359375,16000,0,160000,481
Grampus_griseus,Grampus_griseus,Grampus_Rissos_Dolphin_033.wav,1,tail_extended,6.7359375,16000,85205,55550,482
Grampus_griseus,Grampus_griseus,Grampus_Rissos_Dolphin_034.wav,0,real,91.2,16000,0,160000,483
Grampus_griseus,Grampus_griseus,Grampus_Rissos_Dolphin_034.wav,1,real,91.2,16000,0,160000,484
Grampus_griseus,Grampus_griseus,Grampus_Rissos_Dolphin_034.wav,2,real,91.2,16000,0,160000,485
Grampus_griseus,Grampus_griseus,Grampus_Rissos_Dolphin_034.wav,3,real,91.2,16000,0,160000,486
Grampus_griseus,Grampus_griseus,Grampus_Rissos_Dolphin_034.wav,4,real,91.2,16000,0,160000,487
Grampus_griseus,Grampus_griseus,Grampus_Rissos_Dolphin_034.wav,5,real,91.2,16000,0,160000,488
Grampus_griseus,Grampus_griseus,Grampus_Rissos_Dolphin_034.wav,6,real,91.2,16000,0,160000,489
Grampus_griseus,Grampus_griseus,Grampus_Rissos_Dolphin_034.wav,7,real,91.2,16000,0,160000,490
Grampus_griseus,Grampus_griseus,Grampus_Rissos_Dolphin_034.wav,8,real,91.2,16000,0,160000,491
Grampus_griseus,Grampus_griseus,Grampus_Rissos_Dolphin_034.wav,9,real,91.2,16000,0,160000,492
Grampus_griseus,Grampus_griseus,Grampus_Rissos_Dolphin_034.wav,10,real,91.2,16000,0,160000,493
Grampus_griseus,Grampus_griseus,Grampus_Rissos_Dolphin_034.wav,11,real,91.2,16000,0,160000,494
Grampus_griseus,Grampus_griseus,Grampus_Rissos_Dolphin_034.wav,12,real,91.2,16000,0,160000,495
Grampus_griseus,Grampus_griseus,Grampus_Rissos_Dolphin_034.wav,13,real,91.2,16000,0,160000,496
Grampus_griseus,Grampus_griseus,Grampus_Rissos_Dolphin_034.wav,14,real,91.2,16000,0,160000,497
Grampus_griseus,Grampus_griseus,Grampus_Rissos_Dolphin_034.wav,15,real,91.2,16000,0,160000,498
Grampus_griseus,Grampus_griseus,Grampus_Rissos_Dolphin_034.wav,16,real,91.2,16000,0,160000,499
Grampus_griseus,Grampus_griseus,Grampus_Rissos_Dolphin_034.wav,17,real,91.2,16000,0,160000,500
Grampus_griseus,Grampus_griseus,Grampus_Rissos_Dolphin_034.wav,18,tail_extended,91.2,16000,33007,38400,501
Grampus_griseus,Grampus_griseus,Grampus_Rissos_Dolphin_035.wav,0,extended,2.688,16000,6555,86016,502
Grampus_griseus,Grampus_griseus,Grampus_Rissos_Dolphin_036.wav,0,real,9.4239375,16000,0,160000,503
Grampus_griseus,Grampus_griseus,Grampus_Rissos_Dolphin_036.wav,1,tail_extended,9.4239375,16000,2134,141566,504
Grampus_griseus,Grampus_griseus,Grampus_Rissos_Dolphin_037.wav,0,real,91.2,16000,0,160000,505
Grampus_griseus,Grampus_griseus,Grampus_Rissos_Dolphin_037.wav,1,real,91.2,16000,0,160000,506
Grampus_griseus,Grampus_griseus,Grampus_Rissos_Dolphin_037.wav,2,real,91.2,16000,0,160000,507
Grampus_griseus,Grampus_griseus,Grampus_Rissos_Dolphin_037.wav,3,real,91.2,16000,0,160000,508
Grampus_griseus,Grampus_griseus,Grampus_Rissos_Dolphin_037.wav,4,real,91.2,16000,0,160000,509
Grampus_griseus,Grampus_griseus,Grampus_Rissos_Dolphin_037.wav,5,real,91.2,16000,0,160000,510
Grampus_griseus,Grampus_griseus,Grampus_Rissos_Dolphin_037.wav,6,real,91.2,16000,0,160000,511
Grampus_griseus,Grampus_griseus,Grampus_Rissos_Dolphin_037.wav,7,real,91.2,16000,0,160000,512
Grampus_griseus,Grampus_griseus,Grampus_Rissos_Dolphin_037.wav,8,real,91.2,16000,0,160000,513
Grampus_griseus,Grampus_griseus,Grampus_Rissos_Dolphin_037.wav,9,real,91.2,16000,0,160000,514
Grampus_griseus,Grampus_griseus,Grampus_Rissos_Dolphin_037.wav,10,real,91.2,16000,0,160000,515
Grampus_griseus,Grampus_griseus,Grampus_Rissos_Dolphin_037.wav,11,real,91.2,16000,0,160000,516
Grampus_griseus,Grampus_griseus,Grampus_Rissos_Dolphin_037.wav,12,real,91.2,16000,0,160000,517
Grampus_griseus,Grampus_griseus,Grampus_Rissos_Dolphin_037.wav,13,real,91.2,16000,0,160000,518
Grampus_griseus,Grampus_griseus,Grampus_Rissos_Dolphin_037.wav,14,real,91.2,16000,0,160000,519
Grampus_griseus,Grampus_griseus,Grampus_Rissos_Dolphin_037.wav,15,real,91.2,16000,0,160000,520
Grampus_griseus,Grampus_griseus,Grampus_Rissos_Dolphin_037.wav,16,real,91.2,16000,0,160000,521
Grampus_griseus,Grampus_griseus,Grampus_Rissos_Dolphin_037.wav,17,real,91.2,16000,0,160000,522
Grampus_griseus,Grampus_griseus,Grampus_Rissos_Dolphin_037.wav,18,tail_extended,91.2,16000,86574,38400,523
Grampus_griseus,Grampus_griseus,Grampus_Rissos_Dolphin_038.wav,0,extended,2.3679375,16000,37084,75774,524
Grampus_griseus,Grampus_griseus,Grampus_Rissos_Dolphin_039.wav,0,extended,1.752,16000,100814,56064,525
Grampus_griseus,Grampus_griseus,Grampus_Rissos_Dolphin_040.wav,0,real,9.370125,16000,0,160000,526
Grampus_griseus,Grampus_griseus,Grampus_Rissos_Dolphin_040.wav,1,tail_extended,9.370125,16000,9373,139844,527
Grampus_griseus,Grampus_griseus,Grampus_Rissos_Dolphin_041.wav,0,real,7.224,16000,0,160000,528
Grampus_griseus,Grampus_griseus,Grampus_Rissos_Dolphin_041.wav,1,tail_extended,7.224,16000,18100,71168,529
Grampus_griseus,Grampus_griseus,Grampus_Rissos_Dolphin_042.wav,0,real,9.783375,16000,0,160000,530
Grampus_griseus,Grampus_griseus,Grampus_Rissos_Dolphin_042.wav,1,tail_extended,9.783375,16000,1382,153068,531
Grampus_griseus,Grampus_griseus,Grampus_Rissos_Dolphin_043.wav,0,real,8.5759375,16000,0,160000,532
Grampus_griseus,Grampus_griseus,Grampus_Rissos_Dolphin_043.wav,1,tail_extended,8.5759375,16000,40426,114430,533
Grampus_griseus,Grampus_griseus,Grampus_Rissos_Dolphin_044.wav,0,extended,2.4319375,16000,14764,77822,534
Grampus_griseus,Grampus_griseus,Grampus_Rissos_Dolphin_045.wav,0,real,8.7318125,16000,0,160000,535
Grampus_griseus,Grampus_griseus,Grampus_Rissos_Dolphin_045.wav,1,tail_extended,8.7318125,16000,4306,119418,536
Grampus_griseus,Grampus_griseus,Grampus_Rissos_Dolphin_046.wav,0,extended,1.716,16000,103046,54912,537
Grampus_griseus,Grampus_griseus,Grampus_Rissos_Dolphin_047.wav,0,extended,2.796,16000,50427,89472,538
Grampus_griseus,Grampus_griseus,Grampus_Rissos_Dolphin_048.wav,0,extended,2.833875,16000,30517,90684,539
Grampus_griseus,Grampus_griseus,Grampus_Rissos_Dolphin_049.wav,0,extended,2.1759375,16000,24535,69630,540
Grampus_griseus,Grampus_griseus,Grampus_Rissos_Dolphin_050.wav,0,real,5.56725,16000,0,160000,541
Grampus_griseus,Grampus_griseus,Grampus_Rissos_Dolphin_051.wav,0,real,17.9199375,16000,0,160000,542
Grampus_griseus,Grampus_griseus,Grampus_Rissos_Dolphin_051.wav,1,real,17.9199375,16000,0,160000,543
Grampus_griseus,Grampus_griseus,Grampus_Rissos_Dolphin_051.wav,2,real,17.9199375,16000,0,160000,544
Grampus_griseus,Grampus_griseus,Grampus_Rissos_Dolphin_051.wav,3,tail_extended,17.9199375,16000,41752,93438,545
Grampus_griseus,Grampus_griseus,Grampus_Rissos_Dolphin_052.wav,0,real,11.0226875,16000,0,160000,546
Grampus_griseus,Grampus_griseus,Grampus_Rissos_Dolphin_052.wav,1,real,11.0226875,16000,0,160000,547
Grampus_griseus,Grampus_griseus,Grampus_Rissos_Dolphin_052.wav,2,tail_extended,11.0226875,16000,61471,32726,548
Grampus_griseus,Grampus_griseus,Grampus_Rissos_Dolphin_053.wav,0,extended,3.552,16000,15116,113664,549
Grampus_griseus,Grampus_griseus,Grampus_Rissos_Dolphin_054.wav,0,real,6.8479375,16000,0,160000,550
Grampus_griseus,Grampus_griseus,Grampus_Rissos_Dolphin_054.wav,1,tail_extended,6.8479375,16000,92146,59134,551
Orcinus_orca,Orcinus_orca,Killer_Whale_001.wav,0,extended,2.3695625,16000,74643,75826,552
Orcinus_orca,Orcinus_orca,Killer_Whale_002.wav,0,extended,3.567375,16000,35668,114156,553
Orcinus_orca,Orcinus_orca,Killer_Whale_003.wav,0,extended,4.8479375,16000,3237,155134,554
Orcinus_orca,Orcinus_orca,Killer_Whale_004.wav,0,extended,4.0959375,16000,24684,131070,555
Orcinus_orca,Orcinus_orca,Killer_Whale_005.wav,0,extended,4.3519375,16000,19275,139262,556
Orcinus_orca,Orcinus_orca,Killer_Whale_006.wav,0,extended,1.4565,16000,31873,46608,557
Orcinus_orca,Orcinus_orca,Killer_Whale_007.wav,0,extended,4.67275,16000,1574,149528,558
Orcinus_orca,Orcinus_orca,Killer_Whale_008.wav,0,real,7.6799375,16000,0,160000,559
Orcinus_orca,Orcinus_orca,Killer_Whale_008.wav,1,tail_extended,7.6799375,16000,20160,85758,560
Orcinus_orca,Orcinus_orca,Killer_Whale_009.wav,0,extended,1.6751875,16000,36270,53606,561
Orcinus_orca,Orcinus_orca,Killer_Whale_010.wav,0,extended,3.776875,16000,16506,120860,562
Orcinus_orca,Orcinus_orca,Killer_Whale_011.wav,0,extended,4.8479375,16000,3040,155134,563
Orcinus_orca,Orcinus_orca,Killer_Whale_012.wav,0,extended,1.434,16000,87306,45888,564
Orcinus_orca,Orcinus_orca,Killer_Whale_013.wav,0,extended,4.3519375,16000,2144,139262,565
Orcinus_orca,Orcinus_orca,Killer_Whale_014.wav,0,extended,1.812,16000,63597,57984,566
Orcinus_orca,Orcinus_orca,Killer_Whale_015.wav,0,extended,2.7793125,16000,38286,88938,567
Orcinus_orca,Orcinus_orca,Killer_Whale_016.wav,0,extended,3.264,16000,27279,104448,568
Orcinus_orca,Orcinus_orca,Killer_Whale_017.wav,0,extended,2.295875,16000,4703,73468,569
Orcinus_orca,Orcinus_orca,Killer_Whale_018.wav,0,extended,4.7230625,16000,2850,151138,570
Orcinus_orca,Orcinus_orca,Killer_Whale_019.wav,0,real,15.5594375,16000,0,160000,571
Orcinus_orca,Orcinus_orca,Killer_Whale_019.wav,1,real,15.5594375,16000,0,160000,572
Orcinus_orca,Orcinus_orca,Killer_Whale_019.wav,2,real,15.5594375,16000,0,160000,573
Orcinus_orca,Orcinus_orca,Killer_Whale_020.wav,0,real,6.978125,16000,0,160000,574
Orcinus_orca,Orcinus_orca,Killer_Whale_020.wav,1,tail_extended,6.978125,16000,53706,63300,575
Orcinus_orca,Orcinus_orca,Killer_Whale_021.wav,0,extended,2.979875,16000,37367,95356,576
Orcinus_orca,Orcinus_orca,Killer_Whale_022.wav,0,extended,3.744,16000,6745,119808,577
Orcinus_orca,Orcinus_orca,Killer_Whale_023.wav,0,real,19.5039375,16000,0,160000,578
Orcinus_orca,Orcinus_orca,Killer_Whale_023.wav,1,real,19.5039375,16000,0,160000,579
Orcinus_orca,Orcinus_orca,Killer_Whale_023.wav,2,real,19.5039375,16000,0,160000,580
Orcinus_orca,Orcinus_orca,Killer_Whale_023.wav,3,tail_extended,19.5039375,16000,13378,144126,581
Orcinus_orca,Orcinus_orca,Killer_Whale_024.wav,0,real,6.2604375,16000,0,160000,582
Orcinus_orca,Orcinus_orca,Killer_Whale_024.wav,1,tail_extended,6.2604375,16000,10322,40334,583
Orcinus_orca,Orcinus_orca,Killer_Whale_025.wav,0,real,5.09475,16000,0,160000,584
Orcinus_orca,Orcinus_orca,Killer_Whale_026.wav,0,extended,3.1785,16000,17493,101712,585
Orcinus_orca,Orcinus_orca,Killer_Whale_027.wav,0,real,8.078,16000,0,160000,586
Orcinus_orca,Orcinus_orca,Killer_Whale_027.wav,1,tail_extended,8.078,16000,47578,98496,587
Orcinus_orca,Orcinus_orca,Killer_Whale_028.wav,0,extended,3.264,16000,39872,104448,588
Tursiops_truncatus,Tursiops_truncatus,Bottlenose_Dolphin_001.wav,0,real,5.5025,16000,0,160000,589
Tursiops_truncatus,Tursiops_truncatus,Bottlenose_Dolphin_002.wav,0,real,5.76,16000,0,160000,590
Tursiops_truncatus,Tursiops_truncatus,Bottlenose_Dolphin_003.wav,0,extended,4.4375,16000,12527,142000,591
Tursiops_truncatus,Tursiops_truncatus,Bottlenose_Dolphin_004.wav,0,real,7.68,16000,0,160000,592
Tursiops_truncatus,Tursiops_truncatus,Bottlenose_Dolphin_004.wav,1,tail_extended,7.68,16000,19848,85760,593
Tursiops_truncatus,Tursiops_truncatus,Bottlenose_Dolphin_005.wav,0,real,5.76,16000,0,160000,594
Tursiops_truncatus,Tursiops_truncatus,Bottlenose_Dolphin_006.wav,0,real,6.672,16000,0,160000,595
Tursiops_truncatus,Tursiops_truncatus,Bottlenose_Dolphin_006.wav,1,tail_extended,6.672,16000,62691,53504,596
Tursiops_truncatus,Tursiops_truncatus,Bottlenose_Dolphin_007.wav,0,real,6.672,16000,0,160000,597
Tursiops_truncatus,Tursiops_truncatus,Bottlenose_Dolphin_007.wav,1,tail_extended,6.672,16000,66054,53504,598
Tursiops_truncatus,Tursiops_truncatus,Bottlenose_Dolphin_008.wav,0,real,6.672,16000,0,160000,599
Tursiops_truncatus,Tursiops_truncatus,Bottlenose_Dolphin_008.wav,1,tail_extended,6.672,16000,60007,53504,600
Tursiops_truncatus,Tursiops_truncatus,Bottlenose_Dolphin_009.wav,0,extended,4.4375,16000,13658,142000,601
Tursiops_truncatus,Tursiops_truncatus,Bottlenose_Dolphin_010.wav,0,extended,4.6505,16000,5342,148816,602
Tursiops_truncatus,Tursiops_truncatus,Bottlenose_Dolphin_011.wav,0,real,9.6,16000,0,160000,603
Tursiops_truncatus,Tursiops_truncatus,Bottlenose_Dolphin_011.wav,1,tail_extended,9.6,16000,7306,147200,604
Tursiops_truncatus,Tursiops_truncatus,Bottlenose_Dolphin_012.wav,0,real,6.672,16000,0,160000,605
Tursiops_truncatus,Tursiops_truncatus,Bottlenose_Dolphin_012.wav,1,tail_extended,6.672,16000,12246,53504,606
Tursiops_truncatus,Tursiops_truncatus,Bottlenose_Dolphin_013.wav,0,real,6.672,16000,0,160000,607
Tursiops_truncatus,Tursiops_truncatus,Bottlenose_Dolphin_013.wav,1,tail_extended,6.672,16000,1876,53504,608
Tursiops_truncatus,Tursiops_truncatus,Bottlenose_Dolphin_014.wav,0,extended,3.692,16000,7610,118144,609
Tursiops_truncatus,Tursiops_truncatus,Bottlenose_Dolphin_015.wav,0,extended,4.615,16000,10525,147680,610
Tursiops_truncatus,Tursiops_truncatus,Bottlenose_Dolphin_016.wav,0,real,6.672,16000,0,160000,611
Tursiops_truncatus,Tursiops_truncatus,Bottlenose_Dolphin_016.wav,1,tail_extended,6.672,16000,29868,53504,612
Tursiops_truncatus,Tursiops_truncatus,Bottlenose_Dolphin_017.wav,0,extended,2.911,16000,59544,93152,613
Tursiops_truncatus,Tursiops_truncatus,Bottlenose_Dolphin_018.wav,0,real,6.672,16000,0,160000,614
Tursiops_truncatus,Tursiops_truncatus,Bottlenose_Dolphin_018.wav,1,tail_extended,6.672,16000,26806,53504,615
Tursiops_truncatus,Tursiops_truncatus,Bottlenose_Dolphin_019.wav,0,extended,4.1535,16000,8429,132912,616
